text,createTime,createTimeISO,isAd,profileUrl,musicName,musicId,webVideoUrl,duration,diggCount,shareCount,playCount,collectCount,commentCount,hashtags,isSlideshow,isSponsored,kol_username,ttSeller,commerceUser,is_trending,emoji_count,hashtag_count,word_count_no_emoji_hashtag,early_morning,morning,afternoon,evening,late_night,is_weekend
✨ Top 10 skincare tips cho ai đang tuổi 20s. Da đẹp không đến từ may mắn — mà từ nhận thức đúng 🧠 và hành động sớm! #tomskincare #skincaretips #goclamdep #chamsocda #skintok ,2025-05-31 17:05:14,31/05/2025,False,https://www.tiktok.com/@tomskincare,nhạc nền - tomskincare,7510548843470031633,https://www.tiktok.com/@tomskincare/video/7510548790361804050,110,10700,460,193500,2806,385,"tomskincare, skincaretips, goclamdep, chamsocda, skintok",False,False,tomskincare,False,True,False,2,5,26,0,0,1,0,0,1
"Các sản phẩm skincare nổi tiếng, dịu nhẹ, hiệu quả cho da, rất nổi tiếng mà mình luôn mang theo mỗi khi travel 🧳 😍😍😍❤️ #tomskincare #skincaretips #goclamdep #skintok #chamsocda #beautytoks ",2025-05-27 15:39:49,27/05/2025,False,https://www.tiktok.com/@tomskincare,nhạc nền - tomskincare,7509042647638592257,https://www.tiktok.com/@tomskincare/video/7509042435448720647,124,21900,530,477000,6501,447,"tomskincare, skincaretips, goclamdep, skintok, chamsocda, beautytoks",False,False,tomskincare,False,True,False,2,6,24,0,0,1,0,0,0
"🔥 TOP 10 CÂU HỎI VỀ MỤN ẨN – GIẢI ĐÁP TỪ A-Z
Mụn ẩn dai dẳng, sần sùi mãi không hết? Video này là hướng dẫn đặc biệt dành cho bạn!

Tom đã tổng hợp những câu hỏi được hỏi NHIỀU NHẤT trên kênh của mình về trị mụn ẩn và hướng dẫn cách xử lý khoa học, không cảm tính. #tomskincare #skincaretips #goclamdep #beautytok #skintok ",2025-05-26 16:30:25,26/05/2025,False,https://www.tiktok.com/@tomskincare,nhạc nền - tomskincare,7508684446229465857,https://www.tiktok.com/@tomskincare/video/7508684396405247250,363,6259,215,147300,2261,215,"tomskincare, skincaretips, goclamdep, beautytok, skintok",False,False,tomskincare,False,True,False,1,5,61,0,0,1,0,0,0
"4 ""thần dược"" phục hồi da giúp skincare giống như một lựa chọn yêu bản thân, yêu cái đẹp, thú vị, không rủi ro, không tốn kém, và quan trọng hơn cả là chúng đều thực sự hiệu quả để giúp bạn glow up! Nhớ làm theo và cùng nhau đẹp hơn mỗi ngày nha! #tomskincare #skincaretips #goclamdep #beautytok #skintok #chamsocda ",2025-05-24 16:34:46,24/05/2025,False,https://www.tiktok.com/@tomskincare,nhạc nền - tomskincare,7507943386012240641,https://www.tiktok.com/@tomskincare/video/7507943348095765778,203,8382,276,171400,1665,300,"tomskincare, skincaretips, goclamdep, beautytok, skintok, chamsocda",False,False,tomskincare,False,True,False,0,6,55,0,0,1,0,0,1
"2 kiểu ""mụn ẩn"" sần sùi liti thường gặp và có thể tự xử lý tại nhà, cùng chia sẻ case của Tom để mọi người tham khảo nhaaa 😍😍 Ai đang bị thì xin 1 cánh tay ✋✋✋. #tomskincare #skincaretips #goclamdep #beautytok #skintok ",2025-05-22 16:22:36,22/05/2025,False,https://www.tiktok.com/@tomskincare,nhạc nền - tomskincare,7507198069964901137,https://www.tiktok.com/@tomskincare/video/7507198042303401223,98,19100,669,381500,5331,474,"tomskincare, skincaretips, goclamdep, beautytok, skintok",False,False,tomskincare,False,True,False,2,5,38,0,0,1,0,0,0
"Bạn có thể bảo tôi bạn thích sản phẩm skincare giá cao, nhưng thật ra có nhiều sản phẩm rẻ mà cũng rất tốt đó nha! Đây là top 12 sản phẩm skincare giá rẻ nhưng bổ và ngon. Thử ngay nếu tài chính của bạn cho phép! Nhớ xem kỹ video để biết liệu da của bạn có phù hợp ko nhé' #tomskincare #skincaretips #goclamdep #beautytok #skintok ",2025-05-19 17:35:46,19/05/2025,False,https://www.tiktok.com/@tomskincare,nhạc nền - tomskincare,7506103889083550480,https://www.tiktok.com/@tomskincare/video/7506103639396650247,244,24500,1228,446400,9478,638,"tomskincare, skincaretips, goclamdep, beautytok, skintok",False,False,tomskincare,False,True,False,0,5,63,0,0,1,0,0,0
10 sai lầm skincare cho da dầu mụn vào mùa hè và 10 bí quyết skincare đúng cách cho hệ da dầu mụn nhaaaa.......... 😍😍😍 #tomskincare #skincaretips #goclamdep #beautytok #skintok ,2025-05-13 17:24:16,13/05/2025,False,https://www.tiktok.com/@tomskincare,nhạc nền - tomskincare,7503874210889042704,https://www.tiktok.com/@tomskincare/video/7503874167108898066,238,21800,1058,445700,7284,612,"tomskincare, skincaretips, goclamdep, beautytok, skintok",False,False,tomskincare,False,True,False,1,5,24,0,0,1,0,0,0
✨10 tips skincare hiệu quả ít người biết mà cực kỳ tiết kiệm nha mn ơi!!! Ai còn tips nào hay ho comment bên dưới cho mn biết nhaaaa  😍😍😍#tomskincare #skincaretips #goclamdep #beautytok #skintok ,2025-05-09 17:53:59,09/05/2025,False,https://www.tiktok.com/@tomskincare,nhạc nền - tomskincare,7502397525610056449,https://www.tiktok.com/@tomskincare/video/7502397485348965639,195,22900,1068,382200,7754,393,"tomskincare, skincaretips, goclamdep, beautytok, skintok",False,False,tomskincare,False,True,False,2,5,29,0,0,1,0,0,0
"Đã từng nghĩ không thể hết mụn ẩn… cho đến khi tìm ra 7 bước skincare thuộc dạng bí kíp này. Ai đang vật lộn với da sần, mụn ẩn, da nhạy cảm hãy xem tới cuối nha! Cứ hỏi nếu bạn có câu hỏi!!! #tomskincare #skincaretips #goclamdep #beautytok #skintok ",2025-04-29 14:55:18,29/04/2025,False,https://www.tiktok.com/@tomskincare,nhạc nền - tomskincare,7498641187666987792,https://www.tiktok.com/@tomskincare/video/7498640584488357127,264,28100,1062,661500,11300,729,"tomskincare, skincaretips, goclamdep, beautytok, skintok",False,False,tomskincare,False,True,False,0,5,45,0,0,1,0,0,0
8 điều mình không còn làm nữa khi skincare để da đẹp hơn và 8 bí kíp chăm sóc da mình nghĩ là mình sẽ không gatekeep mà muốn mọi người làm theoo... Cùng thử nhaaaa ✨😍 #tomskincare #skincaretips #goclamdep #beautytok #skintok ,2025-04-26 17:13:22,26/04/2025,False,https://www.tiktok.com/@tomskincare,nhạc nền - tomskincare,7497563337673853712,https://www.tiktok.com/@tomskincare/video/7497562912676941064,291,42500,1536,809600,9663,573,"tomskincare, skincaretips, goclamdep, beautytok, skintok",False,False,tomskincare,False,True,False,1,5,36,0,0,1,0,0,1
#tomskincare #skincaretips #goclamdep #beautytok #skintok ,2025-04-23 17:06:42,23/04/2025,False,https://www.tiktok.com/@tomskincare,nhạc nền - tomskincare,7496449014913682192,https://www.tiktok.com/@tomskincare/video/7496447935387831560,143,8120,141,213900,875,283,"tomskincare, skincaretips, goclamdep, beautytok, skintok",False,False,tomskincare,False,True,False,0,5,0,0,0,1,0,0,0
"8 bí quyết skincare giúp giảm thâm mụn và làm sáng, đều màu da hiệu quả. Những tiíp skincare này mình dựa trên hiểu biết của bản thân và trải nghiệm thực tế! #tomskincare #skincaretips #goclamdep #beautytok #skintok ",2025-04-18 16:53:56,18/04/2025,False,https://www.tiktok.com/@tomskincare,nhạc nền - tomskincare,7494589362203151121,https://www.tiktok.com/@tomskincare/video/7494589211077610770,408,8500,283,316200,2843,188,"tomskincare, skincaretips, goclamdep, beautytok, skintok",False,False,tomskincare,False,True,False,0,5,33,0,0,1,0,0,0
"7 lý do skincare và trị mụn nhưng dùng gì cũng không work trên da! Mình là người có trải nghiệm + kinh nghiệm và một mớ kiến thức về vấn đề mụn, vì vậy mn phải tin mình 🥲. Hy vọng video này có ích! #tomskincare #skincaretips #goclamdep #beautytok #skintok ",2025-04-16 16:30:01,16/04/2025,False,https://www.tiktok.com/@tomskincare,nhạc nền - tomskincare,7493842571010444033,https://www.tiktok.com/@tomskincare/video/7493840889509383431,349,52300,2139,875800,11300,950,"tomskincare, skincaretips, goclamdep, beautytok, skintok",False,False,tomskincare,False,True,False,1,5,46,0,0,1,0,0,0
Hướng dẫn 7 bước skincare cho mọi lứa tuổi cũng là những bí quyết skincare giúp bạn tránh lãng phí công sức và tiền bạc... Hy vọng với video này mọi người có thêm mindset để yêu bản thân hơn khi skincare và vì vậy có được hiệu quả thực sự khi skincare!!! #tomskincare #skincaretips #goclamdep #beautytok #skintok ,2025-04-11 16:25:45,11/04/2025,False,https://www.tiktok.com/@tomskincare,nhạc nền - tomskincare,7491984906865593104,https://www.tiktok.com/@tomskincare/video/7491984358505581832,389,9653,389,234600,2616,373,"tomskincare, skincaretips, goclamdep, beautytok, skintok",False,False,tomskincare,False,True,False,0,5,53,0,0,1,0,0,0
"5 bí quyết skincare mà bạn cần nhớ khi chọn đồ skincare trong bước đầu tiên của routine!!! Nó không những giúp bạn làm sạch, mà thật sự có thể nâng tầm cuộc chơi skincare của bạn nếu bạn biết dùng nó thông minh, đúng cách. Đây là vài tips mình đã đúc kết. Hy vọng mọi người có thêm 1 video hữu ích nha! #tomskincare #skincaretips #goclamdep #beautytok #skintok ",2025-04-03 17:57:41,03/04/2025,False,https://www.tiktok.com/@tomskincare,nhạc nền - tomskincare,7489039392732990213,https://www.tiktok.com/@tomskincare/video/7489039359958617399,428,21500,875,527700,6019,555,"tomskincare, skincaretips, goclamdep, beautytok, skintok",False,False,tomskincare,False,True,False,0,5,65,0,0,1,0,0,0
7 lỗi sai skincare khiến mụn bùng và 7 tips skincare giúp bạn khắc phục chúng đến từ tuiii!! 😍😍😍 Mình rất mong mọi người mau khỏi và tự tin hơn với làn da khoẻ mạnh nha 😍❤️ #tomskincare #skincaretips #goclamdep #beautytok #skintok ,2025-03-25 16:48:04,25/03/2025,False,https://www.tiktok.com/@tomskincare,nhạc nền - tomskincare,7485682225850190608,https://www.tiktok.com/@tomskincare/video/7485681656666344722,296,26000,1561,615400,5887,505,"tomskincare, skincaretips, goclamdep, beautytok, skintok",False,False,tomskincare,False,True,False,2,5,37,0,0,1,0,0,0
5 bí quyết làm sạch da đúng cách (với dầu tẩy trang) và cách chọn dầu tẩy trang khi skincare sao cho không bị bùng mụn nhìn từ góc độ trải nghiệm và khoa học kết hợp #tomskincare #skincaretips #goclamdep #beautytok #skintok ,2025-03-12 13:11:36,12/03/2025,False,https://www.tiktok.com/@tomskincare,nhạc nền - tomskincare,7480802621020736257,https://www.tiktok.com/@tomskincare/video/7480801762874641671,392,23100,854,655400,7201,514,"tomskincare, skincaretips, goclamdep, beautytok, skintok",False,False,tomskincare,False,True,False,0,5,37,0,0,1,0,0,0
"Dưỡng da hay skincare thì ko trị được mụn, nhưng mụn trứng cá trên nền da viêm nhạy cảm thì ngoài trị mụn với prescription, mn cần phải chăm sóc da (phục hồi các chức năng của da giảm viêm) nhé!!! Mình đưa ra gợi ý theo trải nghiệm vì vậy mn cân nhắc tham khảo nha! #tomskincare #skincaretips #goclamdep #skintok ",2025-02-28 16:27:31,28/02/2025,False,https://www.tiktok.com/@tomskincare,nhạc nền - tomskincare,7476400957937535745,https://www.tiktok.com/@tomskincare/video/7476399222959475975,242,31000,1892,879000,8244,771,"tomskincare, skincaretips, goclamdep, skintok",False,False,tomskincare,False,True,False,0,4,57,0,0,1,0,0,0
Top 1 sản phẩm skincare mình không thể sống thiếu ạ 😚😚😚 #tomskincare #skincaretips #goclamdep #skintok #beautytok ,2025-02-26 17:18:10,26/02/2025,False,https://www.tiktok.com/@tomskincare,nhạc nền - tomskincare,7475670400828066577,https://www.tiktok.com/@tomskincare/video/7475670124268145938,109,9618,379,474700,2478,469,"tomskincare, skincaretips, goclamdep, skintok, beautytok",False,False,tomskincare,False,True,False,1,5,11,0,0,1,0,0,0
Kem dưỡng da giá rẻ mà tốt!!! Phù hợp da mất nước và loại da khô. Phù hợp với da có hàng rào bảo vệ bị tổn thương. Tom sẽ lên top dưỡng cho da dầu mà bị nhạy cảm sau nhe mn! 😍😍😍 #tomskincare #skincaretips #goclamdep #skintok #beautytok ,2025-02-21 16:07:41,21/02/2025,False,https://www.tiktok.com/@tomskincare,nhạc nền - tomskincare,7473796968872659713,https://www.tiktok.com/@tomskincare/video/7473796525890473223,197,6352,174,355900,1630,311,"tomskincare, skincaretips, goclamdep, skintok, beautytok",False,False,tomskincare,False,True,False,1,5,43,0,0,1,0,0,0
"5 bước trị mụn ẩn tại nhà... Mụn ẩn, mụn sần li ti, texture da luôn là vấn đề nan giải nhất là đối với da dầu trong điều kiện thời tiết hanh khô lại gặp tình trạng mất nước! Nền da nhat cảm lại càng khó! Hy vọng với video và kinh nghiệm tự trị mụn ẩn của Tom sẽ giúp mọi người khắc phục một phần và có làn da đẹp hơn!!!  #tomskincare #skincaretips #goclamdep #skintok #beautytok ",2025-02-19 16:08:03,19/02/2025,False,https://www.tiktok.com/@tomskincare,nhạc nền - tomskincare,7473055347013880577,https://www.tiktok.com/@tomskincare/video/7473054454602927367,412,62800,2925,1200000,23400,945,"tomskincare, skincaretips, goclamdep, skintok, beautytok",False,False,tomskincare,False,True,False,0,5,74,0,0,1,0,0,0
,2025-02-03 18:25:28,03/02/2025,False,https://www.tiktok.com/@tomskincare,original sound - tomskincare,7467152818643061521,https://www.tiktok.com/@tomskincare/video/7467152506276121864,221,85400,2330,1300000,14200,1448,,False,False,tomskincare,False,True,False,0,0,0,0,0,0,1,0,0
Được mệnh danh là top 1 kem chống nắng cho da dầu nên là cùng review với tomskincare nha mọi người! Mỗi người một làn da và điều kiện hoàn cảnh khác nhau nên ý kiến của mình chỉ mang tính tham khảo! #tomskincare #skincaretips #goclamdep #skintok #beautytok ,2025-01-17 16:23:10,17/01/2025,False,https://www.tiktok.com/@tomskincare,nhạc nền - tomskincare,7460812576901958417,https://www.tiktok.com/@tomskincare/video/7460812542789553415,139,6723,185,467800,1284,328,"tomskincare, skincaretips, goclamdep, skintok, beautytok",False,False,tomskincare,False,True,False,0,5,43,0,0,1,0,0,0
"Top 5 chai serum đáng mua nhất trong tầm giá trung 🍠🔥. Thật sự là không phải nghĩ vì ngoài công nghệ sịn, những em này toàn chất bổ béo cho da 😍🫂🔥 #tomskincare #skincaretips #goclamdep #skintok ",2025-01-06 17:32:17,06/01/2025,False,https://www.tiktok.com/@tomskincare,nhạc nền - tomskincare,7456748513738246928,https://www.tiktok.com/@tomskincare/video/7456748413724478728,300,9777,362,540100,3659,623,"tomskincare, skincaretips, goclamdep, skintok",False,False,tomskincare,False,True,False,2,4,32,0,0,1,0,0,0
Top 13 kem chống nắng giá rẻ hot nhất tiktok 2024. Cùng xem 2025 nhưng em kem nắng nào còn duy trì được độ hot nhé mn! Hãy cho tomskincare biết suy nghĩ của bạn bên dưới nha! 🫡🫡🫡🔥😍 #tomskincare #skincaretips #goclamdep #beautytok #skintok ,2025-01-05 16:57:15,05/01/2025,False,https://www.tiktok.com/@tomskincare,nhạc nền - tomskincare,7456368425556806401,https://www.tiktok.com/@tomskincare/video/7456368300759534855,203,39800,1002,1400000,6961,1333,"tomskincare, skincaretips, goclamdep, beautytok, skintok",False,False,tomskincare,False,True,False,1,5,38,0,0,1,0,0,1
Đừng mắc phải 5 tội lỗi skincare này nhé!!! 🥹🥹🥹 Ko hiểu được sự cơ bản cũng khó để tự chăm sóc da hiệu quả!!! Chúc mọi người da đẹpppp #tomskincare #skincaretips #goclamdep #beautytok #skintok ,2025-01-03 17:20:48,03/01/2025,False,https://www.tiktok.com/@tomskincare,nhạc nền - tomskincare,7455632381433629456,https://www.tiktok.com/@tomskincare/video/7455632196704029959,233,25300,610,775400,2519,441,"tomskincare, skincaretips, goclamdep, beautytok, skintok",False,False,tomskincare,False,True,False,1,5,29,0,0,1,0,0,0
Tri ân các bạn đã xem tomskincare với 5 bí quyết này!! Tom nghĩ chúng là chân ái!! Bạn thì sao?? 😻😻 #tomskincare #skincaretips #goclamdep #beautytok #skintok ,2024-12-26 16:03:55,26/12/2024,False,https://www.tiktok.com/@tomskincare,nhạc nền - tomskincare,7452643890462526209,https://www.tiktok.com/@tomskincare/video/7452643696006188296,350,36600,737,798700,5608,686,"tomskincare, skincaretips, goclamdep, beautytok, skintok",False,False,tomskincare,False,True,False,1,5,21,0,0,1,0,0,0
"8 lỗi sai skincare mà người mới bắt đầu hay lâu năm cũng cần biết để tránh nha 😍😍😍 Hãy chọn cho mình routine skincare phù hợp với da, đừng gặp những sai lầm như mình từng mắc!  #tomskincare #skincaretips #goclamdep #beautytok #skintok ",2024-12-14 16:21:33,14/12/2024,False,https://www.tiktok.com/@tomskincare,nhạc nền - tomskincare,7448195524710140673,https://www.tiktok.com/@tomskincare/video/7448195222145715474,267,13200,326,494800,2013,469,"tomskincare, skincaretips, goclamdep, beautytok, skintok",False,False,tomskincare,False,True,False,1,5,37,0,0,1,0,0,1
7 hiểu lầm về skincare khiến việc skincare không còn thua vị và thậm chí làm da của các bạn tệ hơn! Hãy hiểu đúng hơn và có làn da khoẻ mạnh trong 2025 nhé!!! #tomskincare #skincaretips ##goclamdep##beautytok##skintok,2024-12-09 17:54:04,09/12/2024,False,https://www.tiktok.com/@tomskincare,original sound - tomskincare,7446363701080443649,https://www.tiktok.com/@tomskincare/video/7446363646713695495,447,39000,1709,1000000,6678,512,"tomskincare, skincaretips, goclamdep, beautytok, skintok",False,False,tomskincare,False,True,False,0,5,36,0,0,1,0,0,0
Top 6 chấm mụn đỉnh của chóp bạn nên biết qua để rút ngắn thời gian viêm của mụn và giúp trị mụn nhanh! 😍 #tomskincare #skincaretips #goclamdep #beautytok #skintok ,2024-12-06 17:13:03,06/12/2024,False,https://www.tiktok.com/@tomskincare,nhạc nền - tomskincare,7445240000814271233,https://www.tiktok.com/@tomskincare/video/7445239820865129736,161,28100,1699,882500,11100,767,"tomskincare, skincaretips, goclamdep, beautytok, skintok",False,False,tomskincare,False,True,False,1,5,24,0,0,1,0,0,0
"Hướng dẫn skincare trị mụn đầu đen ở mũi và cằm sao cho đúng cách 🥹😍😅🤣😇
#tomskincare #skincaretips #goclamdep #beautytok #skintok ",2024-12-04 15:35:03,04/12/2024,False,https://www.tiktok.com/@tomskincare,nhạc nền - tomskincare,7444472426475342609,https://www.tiktok.com/@tomskincare/video/7444472398612614418,125,74900,3910,1700000,25000,827,"tomskincare, skincaretips, goclamdep, beautytok, skintok",False,False,tomskincare,False,True,False,1,5,15,0,0,1,0,0,0
"Trị mụn ẩn trong 3 phút, xử lý sạch các loại mụn li ti và hết bối rối không biết phải làm gì! Mình bị mụn ẩn nhiều lắm thậm chí chỉ trong vài tiếng dùng skincare có thể khiến da mình breakout. Hy vọng các bạn thấy vid này hữu ích này! 😘😘 #tomskincare #skincaretips #goclamdep #beautytok #skintok ",2024-12-02 16:45:04,02/12/2024,False,https://www.tiktok.com/@tomskincare,nhạc nền - tomskincare,7443753460861897489,https://www.tiktok.com/@tomskincare/video/7443748268326030599,181,38400,1903,915300,10000,797,"tomskincare, skincaretips, goclamdep, beautytok, skintok",False,False,tomskincare,False,True,False,1,5,53,0,0,1,0,0,0
"Skincare cho lứa tuổi 20s vẫn luôn là yêu bản thân và nâng cao giá trị bản thân! Nhưng bạn thân yêu ạ, làm đẹp là hành trình dài và là khoản đầu tư cho chất lượng sống của bạn ở tương lai 😭🥹. Giá như hồi xưa mình chăm bôi và chịu khó tập luyện hơn 🥲🥲🥲 #tomskincare #skincaretips #goclamdep #beautytok #skintok ",2024-11-29 14:51:00,29/11/2024,False,https://www.tiktok.com/@tomskincare,original sound - tomskincare,7442605687529540353,https://www.tiktok.com/@tomskincare/video/7442605614427065608,140,8718,245,333100,889,253,"tomskincare, skincaretips, goclamdep, beautytok, skintok",False,False,tomskincare,False,True,False,2,5,57,0,0,1,0,0,0
6 sai lầm skincare ai cũng mắc nhưng khiến da kích ứng hoặc bùng mụn. Và mình có nói thêm về tips của mình trong đây. Chúc bạn luôn có làn da đẹp 😙😙😊😊😍🥰 #tomskincare #skincaretips #goclamdep #beautytok #skintok ,2024-11-25 15:57:57,25/11/2024,False,https://www.tiktok.com/@tomskincare,nhạc nền - tomskincare,7441138569151925009,https://www.tiktok.com/@tomskincare/video/7441138529771588872,233,17700,646,432300,2028,383,"tomskincare, skincaretips, goclamdep, beautytok, skintok",False,False,tomskincare,False,True,False,1,5,33,0,0,1,0,0,0
Top 15 sản phẩm hot hit nhất định phải thử 1 lần trong đời 🤣🤣🤣 #tomskincare #skincaretips #goclamdep #beautytok ,2024-11-22 17:13:40,22/11/2024,False,https://www.tiktok.com/@tomskincare,nhạc nền - tomskincare,7440045272816077569,https://www.tiktok.com/@tomskincare/video/7440044785630579976,342,38300,891,784200,10100,736,"tomskincare, skincaretips, goclamdep, beautytok",False,False,tomskincare,False,True,False,1,4,14,0,0,1,0,0,0
TOP 10 tips skincare cho da dầu mụn để giảm mụn ngừa mụn dành cho mọi lứa tuổi. Mn cứ làm đúng những gì vid này nói xem sao ;) Mình nghĩ nó đã là rất an toàn nhưng vẫn đảm bảo hiệu quả cho mn rùi nhaaa. Chúc mn thành công da đẹp 🥰😍 #tomskincare #skincaretips #g#goclamdepb#beautytoks#skintok,2024-11-18 17:05:27,18/11/2024,False,https://www.tiktok.com/@tomskincare,nhạc nền - tomskincare,7438560074802547457,https://www.tiktok.com/@tomskincare/video/7438558323475057938,348,40900,1730,752100,14600,554,"tomskincare, skincaretips, g, goclamdepb, beautytoks, skintok",False,False,tomskincare,False,True,False,1,6,54,0,0,1,0,0,0
Tăng sắc tố sau mụn (thâm đỏ thâm đen sau mụn trứng cá) là vấn đề được hỏi rất nhiều nên mình làm một video trả lời cho tất cả mn một lượt nha 🥲🥲 ✨ Chúc mọi người có da khoẻ da đẹp! #tomskincare #skincaretips #goclamdep #beautytok #skintok ,2024-11-17 16:48:58,17/11/2024,False,https://www.tiktok.com/@tomskincare,original sound - tomskincare,7438183768961075984,https://www.tiktok.com/@tomskincare/video/7438182997691485458,552,19100,920,450900,7820,445,"tomskincare, skincaretips, goclamdep, beautytok, skintok",False,False,tomskincare,False,True,False,2,5,42,0,0,1,0,0,1
10 sai lầm skincare lớn nhất khiến mụn mãi không khỏi. Mình rất hiểu tâm lý bị mụn hoặc trị mụn mãi ko khỏi nhưng đây là lúc để chúng ta nhìn lại xem có mắc phải lỗi sai gì khiến mụn trở nên dai dẳng cứng đầu không nhé! 🥺😍😍 Chúc mn có làn da đẹp khoẻ! #tomskincare #skincaretips #goclamdep ##beautytok#s#skintok,2024-11-04 17:39:39,04/11/2024,False,https://www.tiktok.com/@tomskincare,original sound - tomskincare,7433372814062979857,https://www.tiktok.com/@tomskincare/video/7433371942419254546,501,23800,917,521300,5269,643,"tomskincare, skincaretips, goclamdep, beautytok, skintok",False,False,tomskincare,False,True,False,1,6,58,0,0,1,0,0,0
"Top các sản phẩm dành cho da nhạy cảm và phục hồi da kích ứng. Chúng đặc biệt phù hợp khi da gặp tình trạng rất yếu, breakouts... Khi da của các bạn khoẻ hơn hãy nghĩ đến các sản phẩm skincare khác nữa nhé! #tomskincare #skincaretips #beautytok #goclamdep #skintok ",2024-11-01 18:16:02,01/11/2024,False,https://www.tiktok.com/@tomskincare,original sound - tomskincare,7432268179159763728,https://www.tiktok.com/@tomskincare/video/7432268064885918994,308,20000,914,611200,5591,610,"tomskincare, skincaretips, beautytok, goclamdep, skintok",False,False,tomskincare,False,True,False,0,5,45,0,0,0,1,0,0
Hướng dẫn đắp mask phục hồi da sao cho đúng cách =))))) #tomskincare #skincaretips #beautytok #goclamdep #skintok ,2024-10-29 16:37:31,29/10/2024,False,https://www.tiktok.com/@tomskincare,original sound - tomskincare,7431131371680746257,https://www.tiktok.com/@tomskincare/video/7431129428677102866,294,28200,1258,748500,4796,720,"tomskincare, skincaretips, beautytok, goclamdep, skintok",False,False,tomskincare,False,True,False,0,5,12,0,0,1,0,0,0
8 sản phẩm skincare hot trend trong thời gian qua và sau đây là quan điểm của mình... #tomskincare #skincaretips #beautytok #goclamdep #skintok ,2024-10-28 15:32:42,28/10/2024,False,https://www.tiktok.com/@tomskincare,original sound - tomskincare,7430741691134741264,https://www.tiktok.com/@tomskincare/video/7430741633156648210,346,11700,172,419400,1854,424,"tomskincare, skincaretips, beautytok, goclamdep, skintok",False,False,tomskincare,False,True,True,0,5,18,0,0,1,0,0,0
Top 15 kem dưỡng ẩm cho da dầu mụn... Cùng chọn skincare cho da dầu mụn mùa hanh khô nhé mọi người! #tomskincare #skincaretips #beautytok #goclamdep #skintok ,2024-10-23 20:51:21,23/10/2024,False,https://www.tiktok.com/@tomskincare,nhạc nền - tomskincare,7428968375243524865,https://www.tiktok.com/@tomskincare/video/7428968329550793991,298,31800,1348,1200000,9089,1265,"tomskincare, skincaretips, beautytok, goclamdep, skintok",False,False,tomskincare,False,True,False,0,5,22,0,0,0,1,0,0
"Top 13 sản phẩm skincare yêu thích của mình mà mình mua đi mua lại 😂😂. Vẫn còn vài sản phẩm nữa nhưng khó tìm và cũng chưa thật sự phù hợp với đa số, nên mình sẽ up lên sau! #tomskincare #beautytok #goclamdep #skintok #skincaretips ",2024-10-15 16:42:35,15/10/2024,False,https://www.tiktok.com/@tomskincare,original sound - tomskincare,7425936345484249872,https://www.tiktok.com/@tomskincare/video/7425935530220719368,211,34200,1010,961600,11900,961,"tomskincare, beautytok, goclamdep, skintok, skincaretips",False,False,tomskincare,False,True,False,1,5,41,0,0,1,0,0,0
Top 30 sản phẩm trị mụn và hỗ trợ trị mụn. Hãy cùng xem để biết da nào và tổn thương mụn nào sẽ phù hợp với sản phẩm nào bạn nhé! #tomskincare #beautytok #goclamdep #skintok #skincaretips ,2024-10-13 17:40:46,13/10/2024,False,https://www.tiktok.com/@tomskincare,nhạc nền - tomskincare,7425208757128317712,https://www.tiktok.com/@tomskincare/video/7425208358036131090,499,35100,1994,1100000,12200,1485,"tomskincare, beautytok, goclamdep, skintok, skincaretips",False,False,tomskincare,False,True,False,0,5,32,0,0,1,0,0,1
"Top 3 nhóm skincare phục hồi da... Vì phục hồi là phải tuỳ vào nhu cầu da (loại da và tình trạng da). Để chọn lựa skincare đúng cách, hãy hiểu rõ 3 nhóm sản phẩm này nha ✨✨✨#tomskincare #beautytok #goclamdep #skintok #skincaretips ",2024-10-12 17:34:35,12/10/2024,False,https://www.tiktok.com/@tomskincare,original sound - tomskincare,7424835893213235969,https://www.tiktok.com/@tomskincare/video/7424835683384036626,424,12100,399,366600,3753,276,"tomskincare, beautytok, goclamdep, skintok, skincaretips",False,False,tomskincare,False,True,False,1,5,38,0,0,1,0,0,1
Top 9 skincare rẻ mà ai cũng có khả năng mua được. HSSV đừng bỏ lỡ. Top này chưa phải tất alcar nha mn. Tom sẽ cố gắng tìm và tổng hợp thêm 😂😂😂 #tomskincare #beautytok #goclamdep #skintok #skincaretips ,2024-10-11 17:17:49,11/10/2024,False,https://www.tiktok.com/@tomskincare,original sound - tomskincare,7424460531660016385,https://www.tiktok.com/@tomskincare/video/7424460277808172306,230,24700,533,530300,5915,500,"tomskincare, beautytok, goclamdep, skintok, skincaretips",False,False,tomskincare,False,True,False,1,5,33,0,0,1,0,0,0
10 skincare tips để giúp các bạn tiết kiệm hơn... Và mình đảm bảo chúng thật sự có ích! Cảm ơn mn đã yêu mến mình thời gian qua 😍 Hãy cho mình biết bạn có câu hỏi gì ở phần bình luận ☺️ #tomskincare #beautytok #goclamdep #skintok #skincaretips ,2024-10-09 17:09:37,09/10/2024,False,https://www.tiktok.com/@tomskincare,original sound - tomskincare,7423716161054853889,https://www.tiktok.com/@tomskincare/video/7423715987993775378,424,44700,1467,681800,13800,396,"tomskincare, beautytok, goclamdep, skintok, skincaretips",False,False,tomskincare,False,True,False,2,5,43,0,0,1,0,0,0
10 dấu hiệu cho thấy bạn đang skincare đúng cách và da của các bạn đang rất đẹp 😇😍. Hãy xem hết để nắm được bí quyết dưỡng da thật sự nhaaaa 💋 #tomskincare #beautytok #goclamdep #skintok #skincaretips ,2024-10-07 16:45:05,07/10/2024,False,https://www.tiktok.com/@tomskincare,original sound - tomskincare,7422967833480612609,https://www.tiktok.com/@tomskincare/video/7422967503019658503,421,33700,705,658700,6138,524,"tomskincare, beautytok, goclamdep, skintok, skincaretips",False,False,tomskincare,False,True,False,2,5,32,0,0,1,0,0,0
5 hiểu lầm skincare về da dầu mụn gần đây rất viral và trend trên tiktok nhưng có thể khiến da dầu mụn tệ hơn nếu không được hiểu đúng. Nó cũng tương ứng với 5 tips skincare mà tom dành cho các bạn da dầu mụn nha! #tomskincare #beautytok #goclamdep #skintok #skincaretips ,2024-09-30 16:17:45,30/09/2024,False,https://www.tiktok.com/@tomskincare,original sound - tomskincare,7420363303907625729,https://www.tiktok.com/@tomskincare/video/7420362858887761170,319,29200,1001,748100,4307,540,"tomskincare, beautytok, goclamdep, skintok, skincaretips",False,False,tomskincare,False,True,True,0,5,48,0,0,1,0,0,0
10 skincare trends rất hot ❌ mà các bạn không nên làm theo để tránh lãng phí tiền thậm chí gây hại cho da... Có rất nhiều lỗi sai skincare mình update trong series Myths. Hy vọng có ích! #tomskincare #skincaretips #goclamdep #beautytok #skintok ,2024-09-23 16:46:32,23/09/2024,False,https://www.tiktok.com/@tomskincare,original sound - tomskincare,7417772836368337665,https://www.tiktok.com/@tomskincare/video/7417772676149808402,408,46700,2933,1000000,6669,745,"tomskincare, skincaretips, goclamdep, beautytok, skintok",False,False,tomskincare,False,True,False,1,5,38,0,0,1,0,0,0
Top 7 lỗi sai cơ bản trong skincare mà có thể các bann trẻ chưa biết. Mình đang cố gắng cứu các bạn để các bạn ko bị giống mình khi các bạn trưởng thành hơn... #tomskincare #skincaretips #goclamdep #beautytok #skintok ,2024-09-16 17:49:19,16/09/2024,False,https://www.tiktok.com/@tomskincare,original sound - tomskincare,7415191375656405777,https://www.tiktok.com/@tomskincare/video/7415191247511506184,261,37300,2540,731000,9739,659,"tomskincare, skincaretips, goclamdep, beautytok, skintok",False,False,tomskincare,False,True,False,0,5,36,0,0,1,0,0,0
Mụn mãi không khỏi và lúc nào cũng toàn mụn viêm nên xem... Chúc các bạn mau hết mụn... Mình ở đây chia sẻ top 13 cách mà mọi người hay dùng nhưng có 3 cách mà mọi người không nên dùng cho mụn nhé! #tomskincare #skincaretips #beautytok #goclamdep #acne ,2024-09-09 14:36:47,09/09/2024,False,https://www.tiktok.com/@tomskincare,original sound - tomskincare,7412544145938074385,https://www.tiktok.com/@tomskincare/video/7412544044200414472,216,26200,1535,592500,7247,664,"tomskincare, skincaretips, beautytok, goclamdep, acne",False,False,tomskincare,False,True,False,0,5,45,0,0,1,0,0,0
"5 bước trị mụn trứng cá, mụn ẩn mà ai cũng nên biết rõ để tự thiết kế routine skincare và trị mụn hiệu quả hơn! #tomskincare #skincaretips #goclamdep #beautytok ",2024-08-27 17:21:25,27/08/2024,False,https://www.tiktok.com/@tomskincare,original sound - tomskincare,7407762569567537937,https://www.tiktok.com/@tomskincare/video/7407762365787229461,350,19900,669,523800,5434,548,"tomskincare, skincaretips, goclamdep, beautytok",False,False,tomskincare,False,True,False,0,4,26,0,0,1,0,0,0
Top 1 mask phục hồi làm sáng đáng mua nhất thời điểm hiện tại (ykr) #tomskincare #reviewskincare #reviewlamdep ,2024-08-24 17:27:26,24/08/2024,False,https://www.tiktok.com/@tomskincare,original sound - tomskincare,7406650817144425232,https://www.tiktok.com/@tomskincare/video/7406650658490715412,109,38200,1189,1100000,6755,674,"tomskincare, reviewskincare, reviewlamdep",False,False,tomskincare,False,True,False,0,3,15,0,0,1,0,0,1
"Đánh giá/ review/ Rating top 10 các thành phần ""vàng"" trong skincare 🤓🤓🤓... (ykr) #tomskincare #reviewskincare #reviewlamdep #beautytok ",2024-08-19 17:36:08,19/08/2024,False,https://www.tiktok.com/@tomskincare,original sound - tomskincare,7404797988470213377,https://www.tiktok.com/@tomskincare/video/7404797476084960528,406,12300,189,406200,2190,431,"tomskincare, reviewskincare, reviewlamdep, beautytok",False,False,tomskincare,False,True,False,1,4,14,0,0,1,0,0,0
Top các skincare giá rẻ cho HSSV! Mình dùng và thấy thích! Chi tiết xem trong vid nha! Hy vọng có ích! #tomskincare #reviewskincare #reviewlamdep ,2024-08-16 20:24:11,16/08/2024,False,https://www.tiktok.com/@tomskincare,original sound - tomskincare,7403727704828824336,https://www.tiktok.com/@tomskincare/video/7403727528772242709,173,65800,1360,1300000,18700,1162,"tomskincare, reviewskincare, reviewlamdep",False,False,tomskincare,False,True,False,0,3,22,0,0,0,1,0,0
"Top 7 hiểu lầm/ lầm tưởng về skincare cần được hiểu đúng hơn để giúp mọi người chăm sóc da đúng cách, chọn sản phẩm skincare phù hợp hơn với bản thân! #tomskincare #goclamdep #skincaretips ",2024-08-12 16:58:21,12/08/2024,False,https://www.tiktok.com/@tomskincare,original sound - tomskincare,7402190480945335057,https://www.tiktok.com/@tomskincare/video/7402190145882950913,403,32200,1083,761700,5342,634,"tomskincare, goclamdep, skincaretips",False,False,tomskincare,False,True,False,0,3,32,0,0,1,0,0,0
Top 6 các serum đáng tiền nhất vừa làm sáng vừa phục hồi mà mình rất yêu thích!! Hy vọng mọi người sẽ tìm được loại serum phù hợp qua video của mình ah ! 😊 #tomskincare #goclamdep #reviewskincare #reviewlamdep ,2024-08-07 18:42:17,07/08/2024,False,https://www.tiktok.com/@tomskincare,original sound - tomskincare,7400361701385734928,https://www.tiktok.com/@tomskincare/video/7400361509559291156,169,10100,222,628900,2724,533,"tomskincare, goclamdep, reviewskincare, reviewlamdep",False,False,tomskincare,False,True,False,1,4,35,0,0,0,1,0,0
"Top 9 sản phẩm skincare ""chống lão hoá"" dưới 500 (rẻ) mà mn có thể tham khảo 🤩😂😂 #tomskincare #goclamdep #reviewskincare ##reviewlamdep",2024-08-05 17:58:44,05/08/2024,False,https://www.tiktok.com/@tomskincare,original sound - tomskincare,7399608156102478608,https://www.tiktok.com/@tomskincare/video/7399608105341832469,201,8042,260,413800,3180,233,"tomskincare, goclamdep, reviewskincare, reviewlamdep",False,False,tomskincare,False,True,False,1,4,18,0,0,1,0,0,0
Replying to @𝒏𝒄🦢  Top 5 các loại serum rau má phục hồi làm dịu da mà mình thích... 😊😊😊 Mình nghĩ mọi ngừoi có thể thử tuỳ vào điều kiện kinh tế của mọi người nhé 🙂‍↕️🙂‍↕️🙂‍↕️ #tomskincare #goclamdep #skincaretips #beautytok #reviewskincare #reviewlamdep ,2024-08-02 16:04:47,02/08/2024,False,https://www.tiktok.com/@tomskincare,original sound - tomskincare,7398465538068843265,https://www.tiktok.com/@tomskincare/video/7398465486234635541,69,35900,1534,1400000,10800,1448,", tomskincare, goclamdep, skincaretips, beautytok, reviewskincare, reviewlamdep",False,False,tomskincare,False,True,False,5,6,36,0,0,1,0,0,0
Top 5 các sản phẩm skincare làm dịu phục hồi da mà tom lun tin tưởng 😊😊😊 ❤️❤️❤️ #tomskincare #goclamdep #skincaretips #beautytok #skintok #reviewskincare #reviewlamdep ,2024-07-29 17:08:48,29/07/2024,False,https://www.tiktok.com/@tomskincare,original sound - tomskincare,7396997681757948688,https://www.tiktok.com/@tomskincare/video/7396997637121035537,117,10500,237,452200,2499,525,"tomskincare, goclamdep, skincaretips, beautytok, skintok, reviewskincare, reviewlamdep",False,False,tomskincare,False,True,False,4,7,17,0,0,1,0,0,0
"Top 3 bí quyết phục hồi da mụn ẩn, đỏ li ti kích ứng breakout hoặc da cần phục hồi. Chúc da mn mau khoẻ với chiếc clip này. Tin mình đi, mình giúp nhiều bạn vượt qua nhờ mấy tips rất đơn giản rùi ạ ❤️❤️🙏✨ #tomskincare #goclamdep #skincaretips #beautytok ",2024-07-22 16:30:37,22/07/2024,False,https://www.tiktok.com/@tomskincare,nhạc nền - tomskincare,7394390242708507408,https://www.tiktok.com/@tomskincare/video/7394390186299329808,148,40300,1092,1200000,13400,981,"tomskincare, goclamdep, skincaretips, beautytok",False,False,tomskincare,False,True,False,3,4,47,0,0,1,0,0,0
"Chỉ là một vài suy nghĩ... Mình muốn các bạn không chỉ học được cách tự giúp bản thân mình khi skincare, tips skincare hoặc tên sản phẩm, mà còn phải có tư duy tự chủ và độc lập khi đánh giá đồ skincare trên da của mình. Mỗi người chỉ có 1 làn da nên hãy yêu và bảo vệ nó 🤗😍🫡 #tomskincare #goclamdep #skintok #skincaretips #beautytok ",2024-07-15 15:46:06,15/07/2024,False,https://www.tiktok.com/@tomskincare,original sound - tomskincare,7391781183677385488,https://www.tiktok.com/@tomskincare/video/7391781126936775956,163,5056,134,336500,618,321,"tomskincare, goclamdep, skintok, skincaretips, beautytok",False,False,tomskincare,False,True,False,1,5,62,0,0,1,0,0,0
Hướng dẫn test loại da trong 7 ngày mà bạn có thể tự làm ở nhà. Việc hiểu rõ da của mình thế nào để chọn đồ skincare là vô cùng quan trọng. Nếu bạn không hiểu da mình thì mọi skincare đều có thể khiến bạn tốn thêm nhiều tiền nha! #tomskincare #goclamdep #skintok #skincaretips #skincare101 ,2024-07-13 16:35:05,13/07/2024,False,https://www.tiktok.com/@tomskincare,original sound - tomskincare,7391051640951884545,https://www.tiktok.com/@tomskincare/video/7391051583980571925,322,18800,819,516400,6358,300,"tomskincare, goclamdep, skintok, skincaretips, skincare101",False,False,tomskincare,False,True,True,0,5,52,0,0,1,0,0,1
Top 19 các sản phẩm skincare làm đẹp ko nên mua vì có thể gây hại hoặc tốn thêm tiền ❌❌❌ Hãy tiết kiệm tiền của bạn cho các sản phẩm chất lượng hơn nhé! #tomskincare #goclamdep #skintok #skincaretips #beautytok ,2024-07-08 16:38:03,08/07/2024,False,https://www.tiktok.com/@tomskincare,original sound - tomskincare,7389196981460568833,https://www.tiktok.com/@tomskincare/video/7389196925687368981,354,57400,3128,1100000,12500,1663,"tomskincare, goclamdep, skintok, skincaretips, beautytok",False,False,tomskincare,False,True,False,1,5,34,0,0,1,0,0,0
Kem chống nắng có thật sự nguy hại và gây ung thư? #tomskincare #goclamdep #skintok #skincaretips ,2024-07-05 17:26:28,05/07/2024,False,https://www.tiktok.com/@tomskincare,original sound - tomskincare,7388096202464185089,https://www.tiktok.com/@tomskincare/video/7388096148147424532,351,3561,176,283700,315,262,"tomskincare, goclamdep, skintok, skincaretips",False,False,tomskincare,False,True,False,0,4,12,0,0,1,0,0,0
Top 10 bí quyết làm đẹp 0₫ hoặc rất rẻ mà ai cũng nên thử. Cảm ơn các bạn 1 năm qua đã yêu mến Tomskincare hihi. Dành tặng những ai yêu làm đẹp! #tomskincare #goclamdep #skincaretips #beautytok ,2024-07-04 17:08:20,04/07/2024,False,https://www.tiktok.com/@tomskincare,original sound - tomskincare,7387720497091349264,https://www.tiktok.com/@tomskincare/video/7387720390413536533,293,46400,1610,831400,17300,418,"tomskincare, goclamdep, skincaretips, beautytok",False,False,tomskincare,False,True,False,0,4,34,0,0,1,0,0,0
"Bí quyết làm đẹp 101: Khoẻ! Hic Đừng ham hố làm trắng để làm gì mọi người ạ! Dĩ nhiên dùng skincare khoa học làm sáng là chấp nhận được để giúp da nám, sạm. Nhưng ngoài đồ bôi, mọi người cần nạp thêm những thông tin cơ bản và hướng dẫn chuyên môn có tâm ❤️ Hy vọng mn sẽ lun khoẻ! #tomskincare #goclamdep #beautytok #skincaretips #skintok ",2024-07-02 17:36:27,02/07/2024,False,https://www.tiktok.com/@tomskincare,original sound - tomskincare,7386985530912688912,https://www.tiktok.com/@tomskincare/video/7386985480509869320,81,5863,93,301100,512,255,"tomskincare, goclamdep, beautytok, skincaretips, skintok",False,False,tomskincare,False,True,False,1,5,63,0,0,1,0,0,0
Top 1 Bí quyết da đẹp mùa hè xin gọi tên bột kiềm dầu. Kem chống nắng mình dùng đều cho hiệu quả mỏng nhẹ mùa hè nha mn ơi 😙😙😍😍😍😍😍 Rất rất thích 10/10 ten outta ten!!!! #tomskincare #goclamdep #skincaretips #reviewskincare #reviewlamdep #skincare ,2024-06-29 14:01:34,29/06/2024,False,https://www.tiktok.com/@tomskincare,Valentina (Speed up),7208937230616758273,https://www.tiktok.com/@tomskincare/video/7385816827357695248,76,7714,120,341000,1456,339,"tomskincare, goclamdep, skincaretips, reviewskincare, reviewlamdep, skincare",False,False,tomskincare,False,True,True,1,6,37,0,0,1,0,0,1
"5 bước đơn giản giảm mụn ẩn, xử lý mụn breakout kích ứng. ✨ Mọi người lưu bí quyết này về dùng thử nhé. 😂Trộm vía lâu rồi không phải gặp bác sĩ dù vẫn thi thoảng có mụn ẩn, mụn viêm hoặc breakout :) 😑. Mn nên tham khảo thêm các vid khác nếu thấy chưa đủ hoặc để lại câu hỏi dưới comment nha! 🧘❤️😍#tomskincare #goclamdep #beautytok #skincaretips #cloggedpores #acneproneskin #acne #munan #skintok ",2024-06-27 16:40:58,27/06/2024,False,https://www.tiktok.com/@tomskincare,original sound - tomskincare,7385115836497185553,https://www.tiktok.com/@tomskincare/video/7385115742674472199,186,22200,651,593900,7099,541,"tomskincare, goclamdep, beautytok, skincaretips, cloggedpores, acneproneskin, acne, munan, skintok",False,False,tomskincare,False,True,True,5,9,66,0,0,1,0,0,0
"Thay đổi cuộc chơi skincare chỉ với 1 bí quyết làm đẹp: Rửa mặt! 😇 Cùng thử nâng cấp chu trình skincare của bạn bắt đầu từ việc làm sạch đúng cách như hướng dẫn của mình nhé! 😍
Trong đây mình cũng nhấn mạnh về việc sử dụng tẩy trang, sữa rửa mặt như là 2 bước bắt buộc. Tuy nhiên nếu bạn không dùng kem chống nắng và makeup thì tẩy trang có thể được cân nhắc là không bắt buộc. Hãy lắng nghe làn da để chọn được phương pháp phù hợp nhé!😅😅😅 #tomskincare #goclamdep #beautytok #skintok #skincaretips ",2024-06-24 18:04:14,24/06/2024,False,https://www.tiktok.com/@tomskincare,original sound - tomskincare,7384023990916565777,https://www.tiktok.com/@tomskincare/video/7384023932736752897,198,15600,404,538800,4442,396,"tomskincare, goclamdep, beautytok, skintok, skincaretips",False,False,tomskincare,False,True,False,3,5,94,0,0,0,1,0,0
Top sản phẩm phục hồi dịu nhẹ khá hợp mùa hè. Các sản phẩm skincare này Tom rất rất thích vì dùng thấy hiệu quả trong mùa hè 😅😅😅 Mn có thể thử nếu có da giống tom nha! 😙😊 #tomskincare #goclamdep #beautytok #skintok #reviewskincare #reviewlamdep ,2024-06-22 18:04:29,22/06/2024,False,https://www.tiktok.com/@tomskincare,original sound - tomskincare,7383281894966397712,https://www.tiktok.com/@tomskincare/video/7383281829501046033,124,8705,158,383900,2141,454,"tomskincare, goclamdep, beautytok, skintok, reviewskincare, reviewlamdep",False,False,tomskincare,False,True,True,2,6,38,0,0,0,1,0,1
10 nguyên nhân gây ra mụn mà có thể bạn không hề biết. Mụn trứng cá có rất nhiều nguyên nhân nên càng giảm thiểu được nguyên nhân bạn càng dễ kiểm soát. Hy vọng rằng bạn sẽ thấy có ích 😝😍 #tomskincare #goclamdep #cloggedpores #acneproneskin #acne #skincare ,2024-06-19 16:57:20,19/06/2024,False,https://www.tiktok.com/@tomskincare,nhạc nền - tomskincare,7382151318527281937,https://www.tiktok.com/@tomskincare/video/7382151283420957968,219,9751,356,335300,2017,382,"tomskincare, goclamdep, cloggedpores, acneproneskin, acne, skincare",False,False,tomskincare,False,True,False,1,6,41,0,0,1,0,0,0
"Top 1 bí quyết làm đẹp cho vùng mắt đây mọi người ơi. Cùng thử kiên trì để giảm nếp nhăn li ti, ngừa sắc tố vùng mắt nha!! Sản phẩm nào cũng được miễn hợp da 😀🤓😘 #tomskincare #goclamdep #skincaretips #beautytok #skintok ",2024-06-17 16:16:28,17/06/2024,False,https://www.tiktok.com/@tomskincare,original sound - tomskincare,7381398635311532816,https://www.tiktok.com/@tomskincare/video/7381398568210271504,134,6747,152,319400,1845,178,"tomskincare, goclamdep, skincaretips, beautytok, skintok",False,False,tomskincare,False,True,False,1,5,37,0,0,1,0,0,0
"🥹 5 lý do khiến mụn ẩn tràn lan li ti sần toàn mặt... Mình có note vài tips skincare cũng thuộc hàng bí quyết khi nói đến giải pháp cho mụn ẩn. Mn có thể tham khảo nhaaa 🙂🙂 Chúc mọi người sớm mịn màng trở lại 😂 

#tomskincare #goclamdep #skincaretips #beautytok #cloggedpores #munan ",2024-06-13 17:12:36,13/06/2024,False,https://www.tiktok.com/@tomskincare,Quirky Suspenseful Indie-Comedy(1115050),7021206401636632577,https://www.tiktok.com/@tomskincare/video/7379928697148689681,138,19400,712,612800,3884,611,"tomskincare, goclamdep, skincaretips, beautytok, cloggedpores, munan",False,False,tomskincare,False,True,False,3,6,46,0,0,1,0,0,0
"Sữa rửa mặt panoxyl giúp cho da mụn (mụn ẩn hay viêm cũng oke). Ko chỉ có thế, nó còn giúp mụn trên lưng giảm rõ rệt. Tuy nhiên, nó khá khó dùng. Mọi người nên nghe kỹ cách dùng trong đây. Đây là sữa rửa mặt rất mạnh nên đừng chủ quan kẻo sẽ bị kung da nha! #tomskincare #goclamdep #skincaretips ##beautytok##reviewskincare##cloggedpores##acneproneskin",2024-06-10 17:20:16,10/06/2024,False,https://www.tiktok.com/@tomskincare,original sound - tomskincare,7378817594100304641,https://www.tiktok.com/@tomskincare/video/7378817416064699665,90,22000,1383,675000,7025,738,"tomskincare, goclamdep, skincaretips, beautytok, reviewskincare, cloggedpores, acneproneskin",False,False,tomskincare,False,True,False,0,7,60,0,0,1,0,0,0
"Rating các sản phẩm trị mụn ẩn đình đám trên thế giới (thật sự là vươn tầm thế giới). Vấn đề mụn ẩn ko chỉ gây khó ở cho các babies ở VN đâu huhu... Mọi người thấy sao? Hy voing vid sẽ đóng góp gì đó cho cộng đồng người bị mụn ẩn (clogged pores, whiteheads) #tomskincare #goclamdep #beautytok #skincaretips #reviewlamdep #reviewskincare #cloggedpores ",2024-06-07 17:51:12,07/06/2024,False,https://www.tiktok.com/@tomskincare,original sound - tomskincare,7377712215901211409,https://www.tiktok.com/@tomskincare/video/7377712137755577616,191,13200,279,465300,3642,549,"tomskincare, goclamdep, beautytok, skincaretips, reviewlamdep, reviewskincare, cloggedpores",False,False,tomskincare,False,True,False,0,7,57,0,0,1,0,0,0
Top 10 sản phẩm skincare không cần thiết phải có... 😩🤣❌ Mình đã thử =)) mời các bạn xem. Hy vọng nội dung sẽ giúp bạn tiết kiệm thêm nhiều tiền nhen 💆‍♂️💰  #tomskincare #goclamdep #beautytok #skincaretips ,2024-06-03 17:31:35,03/06/2024,False,https://www.tiktok.com/@tomskincare,original sound - tomskincare,7376222797674744593,https://www.tiktok.com/@tomskincare/video/7376222728237419792,292,136300,4647,2500000,23200,2714,"tomskincare, goclamdep, beautytok, skincaretips",False,False,tomskincare,False,True,False,4,4,32,0,0,1,0,0,0
Lần đầu tiên quay get ready with me 🫡😴🤣. Chúc mọi người một ngày nhìu niềm zui! 😇 #grwm #tomskincare #goclamdep #beautytok ,2024-05-31 16:10:57,31/05/2024,False,https://www.tiktok.com/@tomskincare,original sound - tomskincare,7375088789418461969,https://www.tiktok.com/@tomskincare/video/7375088684883922192,179,6772,58,345900,517,215,"grwm, tomskincare, goclamdep, beautytok",False,False,tomskincare,False,True,True,2,4,17,0,0,1,0,0,0
3 lỗi sai khi mọi người trị mụn ẩn... 😓 Nếu chẳng may mắc phải thì da rất dễ mẩn đỏ. Mình thường dùng kem dưỡng để làm dịu và phục hồi. Trong đây mình cũng review nhanh những loại kem đó. Mời mọi người tham khảo! #tomskincare #goclamdep #beautytok #reviewlamdep #reviewskincare #cloggedpores #munan ,2024-05-29 17:59:55,29/05/2024,False,https://www.tiktok.com/@tomskincare,original sound - tomskincare,7374374655505042177,https://www.tiktok.com/@tomskincare/video/7374374609375792385,140,32500,758,1100000,9480,590,"tomskincare, goclamdep, beautytok, reviewlamdep, reviewskincare, cloggedpores, munan",False,False,tomskincare,False,True,False,1,7,46,0,0,1,0,0,0
❌3 lỗi sai trị mụn và cách khắc phục. Mình thấy nhiều người gặp và mụn thì nặng hơn nên hy vọng sau video mọi người sẽ xác định rõ hơn vấn đề mụn của mình để có thể tự giúp được bản thân nhé 🤞😍🥰 #tomskincare #goclamdep #skincaretips #beautytok #acneproneskin #acne ,2024-05-26 17:07:15,26/05/2024,False,https://www.tiktok.com/@tomskincare,original sound - tomskincare,7373247841700973329,https://www.tiktok.com/@tomskincare/video/7373247787800087809,199,19000,411,508800,4051,400,"tomskincare, goclamdep, skincaretips, beautytok, acneproneskin, acne",False,False,tomskincare,False,True,False,2,6,45,0,0,1,0,0,1
"Bí kíp skincare thu nhỏ lỗ chân lông to cho da mịn màng có thật sự tồn tại? 🙂‍↕️🙂‍↕️ Nó vẫn sẽ tuỳ theo bạn muốn ""nhỏ"" đến mức nào. Nếu muốn giống mình, hãy bật filter thay vì mua thêm một đống đồ skincare thu nhỏ lỗ chân lông nha 😂😂😂😂

#tomskincare #goclamdep #skincaretips #beautytok ",2024-05-24 17:14:27,24/05/2024,False,https://www.tiktok.com/@tomskincare,original sound - tomskincare,7372507518272097025,https://www.tiktok.com/@tomskincare/video/7372507467927850256,162,28500,1371,894200,9457,417,"tomskincare, goclamdep, skincaretips, beautytok",False,False,tomskincare,False,True,False,3,4,51,0,0,1,0,0,0
"Top 1 bí quyết làm đẹp skincare đây chứ đâu... Mọi người hay nghĩ phải dùng gì? Nhưng tôi thì luôn tự hỏi: Da của tôi đang cần gì? Chúc mọi người có mindset skincare bền vững để da có thể đẹp bền vững nha 😍🤩 
#tomskincare #goclamdep #skincaretips #beautytok ",2024-05-22 17:31:24,22/05/2024,False,https://www.tiktok.com/@tomskincare,original sound - tomskincare,7371769735681805057,https://www.tiktok.com/@tomskincare/video/7371769662134078736,110,47400,572,1000000,6016,896,"tomskincare, goclamdep, skincaretips, beautytok",False,False,tomskincare,False,True,False,1,4,45,0,0,1,0,0,0
😍 Top 10 bí quyết làm đẹp skincare mà U30 như mình ước được biết sớm hơn lúc còn U20. Hy vọng các bạn hiểu rằng skincare là hành trình yêu bản thân đơn giản đầy thú vị chứ không hề quá khó nhằn 😍. Love you 🥰 #tomskincare #goclamdep #skincaretips #beautytok ,2024-05-18 15:29:51,18/05/2024,False,https://www.tiktok.com/@tomskincare,original sound - tomskincare,7370254056566393617,https://www.tiktok.com/@tomskincare/video/7370253988962389264,296,103800,4113,1700000,46100,1032,"tomskincare, goclamdep, skincaretips, beautytok",False,False,tomskincare,False,True,False,3,4,46,0,0,1,0,0,1
Đánh giá và review nhanh 6 loại mặt nạ cấp ẩm phục hồi. Để mà nói về đắp mask thì chắc sẽ còn khá nhiều vấn đề khiến bạn băn khoăn... Feel free to ask nhen! 😍 #tomskincare #goclamdep #reviewlamdep #reviewskincare #mask ,2024-05-17 18:03:49,17/05/2024,False,https://www.tiktok.com/@tomskincare,"Spooky, quiet, scary atmosphere piano songs",6904652381103851521,https://www.tiktok.com/@tomskincare/video/7369922589550054673,151,32100,742,1400000,6624,993,"tomskincare, goclamdep, reviewlamdep, reviewskincare, mask",False,False,tomskincare,False,True,False,1,5,36,0,0,0,1,0,0
3 tips skincare để thoát khỏi mụn mà bản thân mình rút ra từ trải nghiệm trị mụn của mình và rất nhiều người xung quanh! Đừng quên bạn nhé. Hy vọng có ích 🔑❤️‍🩹✨ #tomskincare #goclamdep #skincaretips #acneproneskin #beautytok #acne ,2024-05-15 17:19:36,15/05/2024,False,https://www.tiktok.com/@tomskincare,original sound - tomskincare,7369169074917591824,https://www.tiktok.com/@tomskincare/video/7369169023394663681,108,51800,1620,1300000,13000,1216,"tomskincare, goclamdep, skincaretips, acneproneskin, beautytok, acne",False,False,tomskincare,False,True,False,2,6,35,0,0,1,0,0,0
Top 7 kem chống nắng cho những ai yêu thích texture mỏng nhẹ vào mùa hè nha! Hy vọng mọi người sẽ tìm được loại kem chống nắng hợp da mình! #tomskincare #goclamdep #reviewlamdep #reviewskincare ,2024-05-10 18:15:03,10/05/2024,False,https://www.tiktok.com/@tomskincare,original sound - tomskincare,7367327954596449041,https://www.tiktok.com/@tomskincare/video/7367327898547637521,121,9458,412,636300,3146,500,"tomskincare, goclamdep, reviewlamdep, reviewskincare",False,False,tomskincare,False,True,True,0,4,31,0,0,0,1,0,0
✨Top 5 sản phẩm sữa rửa mặt mình hay recommend cho các bạn 🥰😍. Xem coi đâu là sản phẩm bạn thích? #tomskincare #goclamdep #beautytok #reviewskincare #reviewlamdep ,2024-05-08 18:07:49,08/05/2024,False,https://www.tiktok.com/@tomskincare,original sound - tomskincare,7366583937445038849,https://www.tiktok.com/@tomskincare/video/7366583854187990289,174,24600,805,980300,5646,976,"tomskincare, goclamdep, beautytok, reviewskincare, reviewlamdep",False,False,tomskincare,False,True,False,2,5,22,0,0,0,1,0,0
Top 10 bí quyết skincare mà các bạn nên tìm hiểu kỹ càng rồi mới áp dụng! 🤣😍✨ #tomskincare #goclamdep #beautytok #skincaretips ,2024-05-06 18:02:35,06/05/2024,False,https://www.tiktok.com/@tomskincare,original sound - tomskincare,7365840390224644881,https://www.tiktok.com/@tomskincare/video/7365840326625398033,276,77200,2390,1300000,13300,1007,"tomskincare, goclamdep, beautytok, skincaretips",False,False,tomskincare,False,True,False,1,4,17,0,0,0,1,0,0
Video này sẽ giúp bạn thay đổi để đẹp hơn từ bên trong! Be 1% better every day!  #tomskincare #loveyourself #changeyourlife ,2024-05-01 17:53:31,01/05/2024,False,https://www.tiktok.com/@tomskincare,original sound - tomskincare,7363982705723263760,https://www.tiktok.com/@tomskincare/video/7363982569584561409,319,30400,495,549800,6669,222,"tomskincare, loveyourself, changeyourlife",False,False,tomskincare,False,True,False,0,3,18,0,0,1,0,0,0
Dù là bạn dùng sản phẩm gì cho da thì tránh 2 lỗi sai này có thể giúp skincare vừa đơn giản vừa khoẻ da và vừa sạch mụn! ☀️✨🙂‍↕️🙏 Hy vọng có ích! #tomskincare #goclamdep #cloggedpores #munan #acneproneskin #beautytok #skincare #skincaretips ,2024-04-27 16:38:05,27/04/2024,False,https://www.tiktok.com/@tomskincare,original sound - tomskincare,7362479020845714193,https://www.tiktok.com/@tomskincare/video/7362478785297468689,141,59600,1364,1600000,13600,796,"tomskincare, goclamdep, cloggedpores, munan, acneproneskin, beautytok, skincare, skincaretips",False,False,tomskincare,False,True,False,3,8,34,0,0,1,0,0,1
Top 11 loại sản phẩm kem chống nắng cho mùa hè nhiều nắng! 🌞🙏✨☀️ Có gì mình làm part 2 cho các sản phẩm giá thấp hơn nha mn ơi!  #tomskincare #goclamdep #reviewskincare #reviewlamdep #sunscreen ,2024-04-24 14:08:26,24/04/2024,False,https://www.tiktok.com/@tomskincare,original sound - tomskincare,7361327026298555152,https://www.tiktok.com/@tomskincare/video/7361326955469212944,174,15400,451,650200,4452,691,"tomskincare, goclamdep, reviewskincare, reviewlamdep, sunscreen",False,False,tomskincare,False,True,True,1,5,30,0,0,1,0,0,0
Sản phẩm toner có thật sự cần thiết khi skincare? Mọi người nghĩ sao về toner? Mình cũng highly recommend toner làm dịu nếu da bạn đang nhạy cảm nha! #tomskincare #toner #goclamdep #reviewlamdep #reviewskincare #beautytok #skintok ,2024-04-22 17:39:30,22/04/2024,False,https://www.tiktok.com/@tomskincare,"Cafe music, corporate VP, comfortable(1277239)",7122490222473906177,https://www.tiktok.com/@tomskincare/video/7360639193447468305,98,4823,77,307400,270,371,"tomskincare, toner, goclamdep, reviewlamdep, reviewskincare, beautytok, skintok",False,False,tomskincare,False,True,False,0,7,30,0,0,1,0,0,0
Vì sao Gen Z trông già hơn tuổi??? #tomskincare #genz #ageing #aging #antiaging ,2024-04-20 17:56:43,20/04/2024,False,https://www.tiktok.com/@tomskincare,original sound - tomskincare,7359906669297404689,https://www.tiktok.com/@tomskincare/video/7359901467437796625,99,15400,376,500600,1524,402,"tomskincare, genz, ageing, aging, antiaging",False,False,tomskincare,False,True,False,0,5,8,0,0,1,0,0,1
"✨ 5 thành phần trong skincare mỹ phẩm chống giúp lão hoá da,  giảm nhăn hiệu quả! ☘️ 🍃  #tomskincare #goclamdep #skincaretips #beautytok #lamdep #antiaging ",2024-04-17 17:23:22,17/04/2024,False,https://www.tiktok.com/@tomskincare,original sound - tomskincare,7358779671242459905,https://www.tiktok.com/@tomskincare/video/7358779606272412929,123,5493,132,272600,1309,232,"tomskincare, goclamdep, skincaretips, beautytok, lamdep, antiaging",False,False,tomskincare,False,True,False,3,6,17,0,0,1,0,0,0
6 bí quyết dưỡng sáng trắng da giảm thâm mùa hè 🤣🤣🤣🙏✨. #tomskincare #goclamdep #skincare #skincaretips #lamdep ,2024-04-15 17:23:26,15/04/2024,False,https://www.tiktok.com/@tomskincare,original sound - tomskincare,7358037648659434256,https://www.tiktok.com/@tomskincare/video/7358037447038618881,109,39600,1401,901900,18600,365,"tomskincare, goclamdep, skincare, skincaretips, lamdep",False,False,tomskincare,False,True,True,1,5,12,0,0,1,0,0,0
Một sản phẩm mình không thể thiếu khi cần phục hồi! Thiệt lun á!! Tui rấ thích snail mucin vì các idol của tui mê nó dữ lắm. ngoài cosrx thì benton là brand mà tui sẽ recommend cho mọi người nếu các bạn sợ dính da nha! 🙏😝😍 #tomskincare #goclamdep #skincare #lamdep #beautytok #reviewlamdep #reviewskincare ,2024-04-13 18:03:32,13/04/2024,False,https://www.tiktok.com/@tomskincare,original sound - tomskincare,7357305737058126593,https://www.tiktok.com/@tomskincare/video/7357305621059882256,85,4903,158,319800,1066,318,"tomskincare, goclamdep, skincare, lamdep, beautytok, reviewlamdep, reviewskincare",False,False,tomskincare,False,True,False,1,7,48,0,0,0,1,0,1
"7 TIPS dùng chấm mụn để không bị ""chai"" mụn mà lại giúp chấm mụn nhạy hơn 🙂🙏😝✨. Hy vọng nó có ích ak! #tomskincare #goclamdep #skincare #skincaretips #skintok #lamdep #acneproneskin #acne ",2024-04-12 15:02:54,12/04/2024,False,https://www.tiktok.com/@tomskincare,original sound - tomskincare,7356888076234296080,https://www.tiktok.com/@tomskincare/video/7356887990414691601,109,9925,267,389800,2539,173,"tomskincare, goclamdep, skincare, skincaretips, skintok, lamdep, acneproneskin, acne",False,False,tomskincare,False,True,False,1,8,24,0,0,1,0,0,0
"✨2 sai lầm khi điều trị da đang ""bong"". 

Viêm da tiết bã và da khô đỏ là những tình tình trạng dễ nhầm với loại da khô. Vì thế hy voinh mọi người tìm thấy giải pháp phù hợp hơn cho da của mình nha!! 

#tomskincare #goclamdep #skincare #skintok #lamdep #beautytok ",2024-04-10 15:59:04,10/04/2024,False,https://www.tiktok.com/@tomskincare,original sound - tomskincare,7356160374368029457,https://www.tiktok.com/@tomskincare/video/7356160299755408657,99,4307,239,265800,1221,146,"tomskincare, goclamdep, skincare, skintok, lamdep, beautytok",False,False,tomskincare,False,True,False,1,6,46,0,0,1,0,0,0
Top 7 sản phẩm phục hồi mình vẫn thường xuyên recommend cho các mọi người cũng là các sản phẩm mình yêu thích 😍 #tomskincare #beautytok #goclamdep #skincare #skintok #lamdep #acneproneskin ,2024-04-08 17:03:08,08/04/2024,False,https://www.tiktok.com/@tomskincare,original sound - tomskincare,7355434744235969297,https://www.tiktok.com/@tomskincare/video/7355434613138869505,76,42700,923,1400000,12300,881,"tomskincare, beautytok, goclamdep, skincare, skintok, lamdep, acneproneskin",False,False,tomskincare,False,True,False,1,7,23,0,0,1,0,0,0
6 tips sử dụng gel trị mụn mà mình đúc kết được để mọi người sử dụng an tâm hơn nha! 🫶🏻😍 Mình nghĩ sản phẩm nào cũng cần có cách dùng đúng nếu không thì lợi bất cập hại ☺️ #tomskincare #beautytok #skincare #goclamdep #acne #munan #cloggedpores #acneproneskin ,2024-04-05 15:57:01,05/04/2024,False,https://www.tiktok.com/@tomskincare,original sound - tomskincare,7354304437684407057,https://www.tiktok.com/@tomskincare/video/7354304344478518529,66,24600,1449,1100000,7167,627,"tomskincare, beautytok, skincare, goclamdep, acne, munan, cloggedpores, acneproneskin",False,False,tomskincare,False,True,False,2,8,40,0,0,1,0,0,0
"Skincare có phải một cú lừa? 😅

#tomskincare #beautytok #skincare #goclamdep ",2024-04-03 12:32:04,03/04/2024,False,https://www.tiktok.com/@tomskincare,nhạc nền - tomskincare,7353509420229217025,https://www.tiktok.com/@tomskincare/video/7353509334053145873,94,22900,255,686600,1990,614,"tomskincare, beautytok, skincare, goclamdep",False,False,tomskincare,False,True,False,1,4,6,0,0,1,0,0,0
Có rất nhiều bạn hỏi mình về mụn đỏ không nhân li ti và dùng gì để đỡ hoặc phương pháp nào! Thật ra mình gặp khá nhiều nên mình sẽ giúp mọi người các cách xử lý rất đơn giản mà lại bền vững để skincare cho da đang yếu như thế nha❤️‍🩹💚! #tomskincare #beautytok #skincare #skinbarrier #munan #cloggedpores #skintok #goclamdep #lamdep #skincaretips #skincaretips ,2024-04-01 15:53:38,01/04/2024,False,https://www.tiktok.com/@tomskincare,original sound - tomskincare,7352819193558878977,https://www.tiktok.com/@tomskincare/video/7352819105952533776,84,29600,1398,1000000,8881,522,"tomskincare, beautytok, skincare, skinbarrier, munan, cloggedpores, skintok, goclamdep, lamdep, skincaretips, skincaretips",False,False,tomskincare,False,True,False,2,11,54,0,0,1,0,0,0
✨❤️Top 4 sản phẩm skincare B5 để phục hồi da mà mình yêu thích đây ạ! Mọi người có thể dùng cho các tình trạng da như sau nha... #tomskincare #goclamdep #BeautyTok #reviewlamdep #reviewskincare ,2024-03-30 19:40:27,30/03/2024,False,https://www.tiktok.com/@tomskincare,nhạc nền - tomskincare,7352135721635089153,https://www.tiktok.com/@tomskincare/video/7352135411826806034,130,32600,699,1400000,7663,748,"tomskincare, goclamdep, beautytok, reviewlamdep, reviewskincare",False,False,tomskincare,False,True,False,1,5,29,0,0,0,1,0,1
Hướng dẫn sử dụng các hoạt chất skincare với tần suất an toàn nhưng tối ưu hiệu quả! 😍 Hy vọng các bạn không bị ám ảnh vì phảu dùng hàng ngày bởi vì thật ra đôi khi ngẫu hứng thả ra ko bôi lại đem đến hiệu quả bất ngờ! 🥰😅☺️ #tomskincare #goclamdep #BeautyTok #skincaretips ,2024-03-29 13:06:05,29/03/2024,False,https://www.tiktok.com/@tomskincare,nhạc nền - tomskincare,7351662738025859841,https://www.tiktok.com/@tomskincare/video/7351662696565148935,86,3827,77,248900,1189,161,"tomskincare, goclamdep, beautytok, skincaretips",False,False,tomskincare,False,True,False,2,4,51,0,0,1,0,0,0
Mọi người đã dùng 2 sản phẩm này chưa? Tom thấy khá oke cho da mụn mà ít bị tác dụng ko mong muốn. Ai bị mụn có thể tham khảo nha! Rất highly recommend cho mọi người. Chi tiết Tom có hướng dẫn ở vid! 😙💗☺️ #tomskincare #goclamdep #BeautyTok #reviewlamdep #reviewskincare #acneproneskin ,2024-03-27 17:53:36,27/03/2024,False,https://www.tiktok.com/@tomskincare,nhạc nền - tomskincare,7350994669142166274,https://www.tiktok.com/@tomskincare/video/7350994628398550280,94,11000,590,444700,3559,481,"tomskincare, goclamdep, beautytok, reviewlamdep, reviewskincare, acneproneskin",False,False,tomskincare,False,True,False,1,6,47,0,0,1,0,0,0
"Mình sẽ chia sẻ về các sản phẩm skincare bình dân khi xử ký 3 vấn đề mà các bạn hay gặp nhứt: Mụn ẩn, mụn k ứng và mụn viêm to...  Hy vọng nó có thể giúp mn phần nào! 💖💖💖 #tomskincare #goclamdep #BeautyTok #skincaretips ##acneproneskin##cloggedpores",2024-03-25 16:15:26,25/03/2024,False,https://www.tiktok.com/@tomskincare,nhạc nền - tomskincare,7350227189331217153,https://www.tiktok.com/@tomskincare/video/7350227156900908295,100,10200,261,312700,4322,275,"tomskincare, goclamdep, beautytok, skincaretips, acneproneskin, cloggedpores",False,False,tomskincare,False,True,False,1,6,42,0,0,1,0,0,0
Đây là 1 loại kem chống nắng mình khá thích về finish và cảm giác trên da. Mình cũng thường chỉ bôi các loại kem chống nắng ẩm và dành cho da nhạy cảm vì da mình là da hỗn hợp dầu mất nước... Hy vọng các bạn sẽ có thêm một lựa chọn để tìm ra loại kem chống nắng phù hợp với da của bạn nha! #tomskincare #goclamdep #BeautyTok #reviewlamdep #reviewskincare #sunscreen ,2024-03-23 17:04:46,23/03/2024,False,https://www.tiktok.com/@tomskincare,Very cute melody by marimba tone(39813),6849968592285337602,https://www.tiktok.com/@tomskincare/video/7349497703719603474,92,9603,170,541800,1496,283,"tomskincare, goclamdep, beautytok, reviewlamdep, reviewskincare, sunscreen",False,False,tomskincare,False,True,False,0,6,68,0,0,1,0,0,1
Top 8 bí quyết skincare mà Tom ước mình biết sớm hơn!!! 😍 Mình hy vọng nó có ích với mọi người. #tomskincare #goclamdep #BeautyTok #skincaretips #lamdep ,2024-03-20 16:47:29,20/03/2024,False,https://www.tiktok.com/@tomskincare,nhạc nền - tomskincare,7348380044600806146,https://www.tiktok.com/@tomskincare/video/7348379985213803794,188,117400,3981,1900000,47500,1497,"tomskincare, goclamdep, beautytok, skincaretips, lamdep",False,False,tomskincare,False,True,False,1,5,21,0,0,1,0,0,0
"Có rất nhiều sản phẩm giúp giảm mụn. Căn cứ vào loại mụn gặp phải và tình trạng, mình recommend mn chọn 2 trong số các sản phẩm sau vì theo mình nó khá đặc thù để target đúng kiểu mụn, ẩn hay viêm đều nên tiếp cận khác một chút để mang lại hiệu quả! 😅 #tomskincare ##goclamdep##BeautyTok##acneproneskin##cloggedpores##reviewlamdep##reviewskincare",2024-03-18 15:23:35,18/03/2024,False,https://www.tiktok.com/@tomskincare,nhạc nền - tomskincare,7347616245144947458,https://www.tiktok.com/@tomskincare/video/7347616192338709768,176,18000,662,520500,7787,412,"tomskincare, goclamdep, beautytok, acneproneskin, cloggedpores, reviewlamdep, reviewskincare",False,False,tomskincare,False,True,True,1,7,57,0,0,1,0,0,0
Mụn ẩn mụn li ti mụn nấm có được coi là mụn? Bạn đã biết nhiều về chúng chưa? Đẩy mụn và breakout cũng cần phân biệt để chọn phục hồi hay hoạt chất cho phù hợp. Mình nghĩ quy hoạch lại sẽ giúp mn xem hiệu quả hơn. 🙂 Hy vọng nó có ích #tomskincare #goclamdep #BeautyTok #acneproneskin #cloggedpores ##munan,2024-03-16 13:30:28,16/03/2024,False,https://www.tiktok.com/@tomskincare,nhạc nền - tomskincare,7346844926128311042,https://www.tiktok.com/@tomskincare/video/7346844875779820818,63,13800,184,546400,2688,462,"tomskincare, goclamdep, beautytok, acneproneskin, cloggedpores, munan",False,False,tomskincare,False,True,False,1,6,55,0,0,1,0,0,1
"✨6 loại serum dưỡng ẩm tốt hơn HA mà bạn nên quan tâm!! Mình nghĩ chỉ cần 1 trong 6 loại này là đủ, HA thật sự góp mặt trong rất nhiều sản phẩm của bạn rùi nên mình recommend bạn có thể dùng những thứ khác để nâng cấp skincare routine của mình nha! 😅 

#tomskincare #goclamdep #BeautyTok #reviewlamdep #reviewskincare ",2024-03-15 14:34:37,15/03/2024,False,https://www.tiktok.com/@tomskincare,nhạc nền - tomskincare,7346490357830470401,https://www.tiktok.com/@tomskincare/video/7346490325596212498,80,12100,484,611400,4331,327,"tomskincare, goclamdep, beautytok, reviewlamdep, reviewskincare",False,False,tomskincare,False,True,False,2,5,55,0,0,1,0,0,0
"Top 1 sản phẩm yêu thích của mình cho da mụn ẩn mà mình sẽ luôn recommend cho cả nhà một cách an toàn không sợ sai! Nó có thể được dùng với các loại mụn viêm rất ít và không viêm. Tuy nhiên hãy phân biệt rõ tình trạng da, mụn và loại da của bạn nhé. Hỏi mình nếu bạn thật sự không biết nha!!! 🌼😍🙏 Chúc các bạn có làn da đẹp!!! #tomskincare #goclamdep #BeautyTok #reviewlamdep #reviewskincare #acneproneskin #cloggedpores #munan",2024-03-13 13:17:32,13/03/2024,False,https://www.tiktok.com/@tomskincare,Very cute melody by marimba tone(39813),6849968592285337602,https://www.tiktok.com/@tomskincare/video/7345728284837104914,71,160200,5057,4300000,66300,2292,"tomskincare, goclamdep, beautytok, reviewlamdep, reviewskincare, acneproneskin, cloggedpores, munan",False,False,tomskincare,False,True,False,1,8,74,0,0,1,0,0,0
✨Một thành phần phần bất ngờ cho da dầu mụn: Keo ong! 🐝🌼 Keo ong CNP rất hot gần đây. Cùng xem vì sao nó hot và vì sao bạn nên quan tâm nó nhé! 😀😀😀 #tomskincare #goclamdep #BeautyTok #reviewlamdep #reviewskincare #lamdep ,2024-03-11 16:08:38,11/03/2024,False,https://www.tiktok.com/@tomskincare,nhạc nền - tomskincare,7345030307340356354,https://www.tiktok.com/@tomskincare/video/7345030211618016530,162,46900,782,1600000,8543,795,"tomskincare, goclamdep, beautytok, reviewlamdep, reviewskincare, lamdep",False,False,tomskincare,False,True,False,3,6,34,0,0,1,0,0,0
"Những thứ mình làm để trẻ hơn ngày xưa của chính mình 😇. Mình nghĩ ""lão hoá ngược"" so với ngày xưa thì đã là thành công rùi. Mình làm được hy vọng các bạn cũng có động lực làm đẹp yêu bản thân mỗi ngày nhé! 🏆✨😝 #tomskincare #goclamdep #BeautyTok #skincaretips #lamdep ",2024-03-09 14:54:53,09/03/2024,False,https://www.tiktok.com/@tomskincare,nhạc nền - tomskincare,7344269214536649473,https://www.tiktok.com/@tomskincare/video/7344269041613294856,116,16400,176,404500,3570,209,"tomskincare, goclamdep, beautytok, skincaretips, lamdep",False,False,tomskincare,False,True,True,2,5,47,0,0,1,0,0,1
✨Bí quyết trẻ mãi không già của nhiều người trẻ hơn tuổi mình gặp.... Bạn có nhận ra những thay đổi của cơ thể và làn da không? Lão hoá là đặc ân của sự sống nhưng sự sống không care bạn đẹp ko... Vậy nên chuẩn bị sớm giúp bạn sống chất lượng hơn!!!  😍#tomskincare #goclamdep ##BeautyTok,2024-03-06 16:27:58,06/03/2024,False,https://www.tiktok.com/@tomskincare,nhạc nền - tomskincare,7343179882844654338,https://www.tiktok.com/@tomskincare/video/7343179775562845447,61,8639,103,321000,1372,261,"tomskincare, goclamdep, beautytok",False,False,tomskincare,False,True,True,2,3,56,0,0,1,0,0,0
15 hoạt chất trị mụn trong skincare 😂😂😂. Mình có gợi ý 1 số sp mọi người tham khảo nhaaaaaa. 😍✨ #tomskincare #goclamdep #BeautyTok #skincaretips #acneproneskin #cloggedpores #reviewlamdep #reviewskincare #munan ,2024-03-05 15:04:33,05/03/2024,False,https://www.tiktok.com/@tomskincare,nhạc nền - tomskincare,7342787219466160898,https://www.tiktok.com/@tomskincare/video/7342787188825820434,74,6253,112,231100,2022,160,"tomskincare, goclamdep, beautytok, skincaretips, acneproneskin, cloggedpores, reviewlamdep, reviewskincare, munan",False,False,tomskincare,False,True,False,2,9,20,0,0,1,0,0,0
Top 1 bí quyết phục hồi da nhưng đến giờ vẫn nhiều người chưa biết và dùng thử! 😌✅🤣🌍 ❤️ #tomskincare #goclamdep #BeautyTok #skincaretips #skincare #lamdep ,2024-03-02 15:55:33,02/03/2024,False,https://www.tiktok.com/@tomskincare,nhạc nền - tomskincare,7341687128701127425,https://www.tiktok.com/@tomskincare/video/7341687074413759751,91,54900,602,1300000,13600,448,"tomskincare, goclamdep, beautytok, skincaretips, skincare, lamdep",False,False,tomskincare,False,True,False,2,6,19,0,0,1,0,0,1
"Da dầu đã dễ bị lên mụn mà còn dễ bong? Hay bị đỏ ngứa? ❌❌ Oh no! Có thể bạn đang gặp tình trạng trong video! Nhưng mà xử lý thì rất đơn giản thui! Cùng cập nhật kiến thức skincare với Tom nhé! ☺️

#tomskincare #goclamdep #acneproneskin #skincare #BeautyTok #lamdep ",2024-03-01 14:55:56,01/03/2024,False,https://www.tiktok.com/@tomskincare,nhạc nền - tomskincare,7341300665223990017,https://www.tiktok.com/@tomskincare/video/7341300638615096583,75,14700,869,664200,3925,520,"tomskincare, goclamdep, acneproneskin, skincare, beautytok, lamdep",False,False,tomskincare,False,True,False,2,6,45,0,0,1,0,0,0
5 tips để hướng dẫn bạn dùng retinol hoặc các retinoids trị mụn ngừa mà không bị breakout da hiệu quả. Mình thấy nhiều bạn hỏi và cũng nhiều người chưa biết cách dùng khi mới bắt đầu nên mình làm clip này! Hy vọng có ích! 😍💕😊 #tomskincare #goclamdep #acneproneskin #skincaretips #cloggedpores #BeautyTok #lamdep ,2024-02-28 15:52:53,28/02/2024,False,https://www.tiktok.com/@tomskincare,nhạc nền - tomskincare,7340573183059364610,https://www.tiktok.com/@tomskincare/video/7340573128864648455,109,26200,858,921100,9993,400,"tomskincare, goclamdep, acneproneskin, skincaretips, cloggedpores, beautytok, lamdep",False,False,tomskincare,False,True,True,1,7,47,0,0,1,0,0,0
"👩‍🔬3 lỗi sai khi trị mụn ""viêm ẩn"" .... Mình thấy nhiều người mắc phải nên hy vọng mọi người tỉnh táo để chọn sản phẩm phù hợp và phương pháp khắc phục tình trạng da mụn như vậy tốt và nhanh hơn nhé! 💕

#tomskincare #goclamdep #acneproneskin #skincaretips #cloggedpores ",2024-02-26 16:19:05,26/02/2024,False,https://www.tiktok.com/@tomskincare,nhạc nền - tomskincare,7339837758516382465,https://www.tiktok.com/@tomskincare/video/7339837715380227346,77,28100,613,981600,6308,602,"tomskincare, goclamdep, acneproneskin, skincaretips, cloggedpores",False,False,tomskincare,False,True,False,3,5,44,0,0,1,0,0,0
Kem dưỡng dành cho da mụn là câu hỏi mình nhận được nhiều nhất. Da dầu thật ra nên dùng loại rất rất mỏng nhẹ để tránh bị mất nước thui. Mình được dùng thử kem dưỡng the lab cũng khá lâu rùi. Mình cảm thấy kem dưỡng này cũng phù hợp với da mất nước đó! Các bạn tình nguyện viên test sản phẩm cũng có mụn và thấy the lab làm dịu mụn cũng như phù hợp với da của các bạn ấy! Mọi người xem chi tiết trong vid nhé! 😍 #tomskincare #goclamdep #acneproneskin  #BeautyTok #reviewskincare #reviewlamdep #lamdep #moisturizer ,2024-02-24 17:34:17,24/02/2024,False,https://www.tiktok.com/@tomskincare,nhạc nền - tomskincare,7339115105394756353,https://www.tiktok.com/@tomskincare/video/7339114925249318162,166,6442,54,413200,920,240,"tomskincare, goclamdep, acneproneskin, beautytok, reviewskincare, reviewlamdep, lamdep, moisturizer",False,False,tomskincare,False,True,False,1,8,93,0,0,1,0,0,1
Cách nhanh nhất để xử lý mụn??? #tomskincare #goclamdep #skincaretips #acneproneskin #cloggedpores ,2024-02-23 16:39:42,23/02/2024,False,https://www.tiktok.com/@tomskincare,nhạc nền - tomskincare,7338734960695692034,https://www.tiktok.com/@tomskincare/video/7338729779060870407,135,9437,42,252400,1027,270,"tomskincare, goclamdep, skincaretips, acneproneskin, cloggedpores",False,False,tomskincare,False,True,False,0,5,7,0,0,1,0,0,0
"Có nhiều loại ""mụn ẩn"" mãi không khỏi!!! Vì sao?? Thử tìm cách phân biệt và điều chỉnh chúng với 2 cách trong video này nhé! Hy vọng video có ích 😍💕 #tomskincare #goclamdep #skincaretips #BeautyTok #acneproneskin #cloggedpores #munan ",2024-02-21 13:15:00,21/02/2024,False,https://www.tiktok.com/@tomskincare,nhạc nền - tomskincare,7337934890824895234,https://www.tiktok.com/@tomskincare/video/7337934851133213970,81,36800,1533,1300000,7619,750,"tomskincare, goclamdep, skincaretips, beautytok, acneproneskin, cloggedpores, munan",False,False,tomskincare,False,True,True,1,7,31,0,0,1,0,0,0
"⚡️Review kem dưỡng bibala calming cream! 

Mình thấy đây là giải pháp mắc tiền cho các làn da gặp vấn đề về nhạy cảm và mụn mãi không khỏi dai dẳng cần một giải pháp làm khoẻ khi đi kèm với treatment trị mụn! 😍

Đáng mua nhưng tuỳ vào ngân sách mà bạn có nhé💰. #tomskincare #goclamdep #skincaretips #reviewskincare #reviewlamdep #BeautyTok #acneproneskin #lamdep ",2024-02-19 16:36:05,19/02/2024,False,https://www.tiktok.com/@tomskincare,nhạc nền - tomskincare,7337244549359995649,https://www.tiktok.com/@tomskincare/video/7337244492967316743,194,21500,1593,1200000,6420,1689,"tomskincare, goclamdep, skincaretips, reviewskincare, reviewlamdep, beautytok, acneproneskin, lamdep",False,False,tomskincare,False,True,False,3,8,55,0,0,1,0,0,0
"❌ 8 hiểu lầm thường gặp trong skincare mà ai cũng nên biết để tiết kiệm được tiền và đầu tư đúng hơn vào loại sản phẩm phù hợp! Mình hy vọng video có ích 😍😇

#tomskincare #goclamdep #skincaretips #skincaremistakes #BeautyTok #reviewskincare #reviewlamdep ",2024-02-17 15:13:19,17/02/2024,False,https://www.tiktok.com/@tomskincare,nhạc nền - tomskincare,7336481080104585986,https://www.tiktok.com/@tomskincare/video/7336480998625971474,153,11300,98,347800,2003,282,"tomskincare, goclamdep, skincaretips, skincaremistakes, beautytok, reviewskincare, reviewlamdep",False,False,tomskincare,False,True,False,2,7,34,0,0,1,0,0,1
"Top 6 thành phần trong skincare có khả năng làm sáng dưỡng trắng da 🫡😱✨. Mình làm video này để nói về cách chúng hoạt động và đánh giá dựa trên những tài liệu mình đã đọc cũng như từ thực hành và công việc trong thời gian dài (vâng 7 năm có lẻ mấy ngày). Hy vọng video có ích và mn sẽ có làn da trắng sáng khoẻ khoắn như mn ao ước 😎😇😍🍠🍀✨ . 

Lúc làm video quên nói về retinol, là một thành phần toàn năng để dưỡng trắng!!! Mình xếp nó ở vị trí 2.5 nhé!

#tomskincare #goclamdep #skincaretips #reviewlamdep #reviewskincare #BeautyTok #skincare ",2024-02-16 16:52:07,16/02/2024,False,https://www.tiktok.com/@tomskincare,nhạc nền - tomskincare,7336135500064901890,https://www.tiktok.com/@tomskincare/video/7336135372818189586,124,49100,925,1100000,14400,612,"tomskincare, goclamdep, skincaretips, reviewlamdep, reviewskincare, beautytok, skincare",False,False,tomskincare,False,True,False,2,7,100,0,0,1,0,0,0
Hương dẫn cách kết hợp các sản phẩm skincare và các combo huyền thoại của làng skincare 💕💕🍀🍀. Hy vọng với video này các bạn có thể có cho mình một routine hiệu quả mà tối giản với tất cả các sản phẩm bạn đang có nhé! #tomskincare #goclamdep #skincaretips #reviewlamdep #reviewskincare #BeautyTok ,2024-02-14 16:05:48,14/02/2024,False,https://www.tiktok.com/@tomskincare,nhạc nền - tomskincare,7335381359835941633,https://www.tiktok.com/@tomskincare/video/7335381260094803218,166,17700,280,485300,7074,289,"tomskincare, goclamdep, skincaretips, reviewlamdep, reviewskincare, beautytok",False,False,tomskincare,False,True,False,1,6,47,0,0,1,0,0,0
Top 3 món đồ skincare mình không thể thiếu khi travel 😗😍😍. Hy vọng mọi người cũng sẽ trộm vía không lên mụn ẩn hoặc k ứng với nguồn nước khi thay đổi môi trường sống nha! 😍💕🍀 #tomskincare #goclamdep #skincaretips #cloggedpores #reviewlamdep #reviewskincare #BeautyTok ,2024-02-13 16:42:00,13/02/2024,False,https://www.tiktok.com/@tomskincare,nhạc nền - tomskincare,7335019563664280322,https://www.tiktok.com/@tomskincare/video/7335019517518564615,130,37300,396,894300,6243,522,"tomskincare, goclamdep, skincaretips, cloggedpores, reviewlamdep, reviewskincare, beautytok",False,False,tomskincare,False,True,False,2,7,37,0,0,1,0,0,0
"Suốt nhiều năm qua, một làn da lỗ chân lông nhỏ hỗn hợp dầu - là mình test hàng trăm sản phẩm trên da và bị mụn ẩn nhiều nên mình phân loại được 4 loại sản phẩm này có thể là nguyên nhân gây ra hiện tượng mụn sần sùi li ti trên da. Hy vọng bạn sẽ tìm được nguyên nhân và loại bỏ nó ra khỏi routine để có làn da mịn màng hơn nhé! 😍💕🎆😂 #tomskincare#tomslamdep #skincaretips #cloggedpores #BeautyTok #munan ",2024-02-12 14:48:14,12/02/2024,False,https://www.tiktok.com/@tomskincare,nhạc nền - tomskincare,7334619159936649985,https://www.tiktok.com/@tomskincare/video/7334619107431550216,142,16600,140,417200,2716,360,"tomskincare, toms, skincaretips, cloggedpores, beautytok, munan",False,False,tomskincare,False,True,False,1,6,78,0,0,1,0,0,0
Skincare đón năm mới của mình gần đây và mình rất hài lòng với những sản phẩm này!!! Điều đáng ngạc nhiên là mình ko cần dùng treatment mà da vẫn đẹp và khoẻ không hề lên mụn ẩn! Mình test cũng được một số sản phẩm mới! Mn có thể hỏi mình nha! Happy new year!!!  ❤️💕 #tomskincare #goclamdep #ThanhThoiLuotTet #reviewlamdep #reviewskincare ,2024-02-08 23:22:12,08/02/2024,False,https://www.tiktok.com/@tomskincare,"Cafe music, corporate VP, comfortable(1277239)",7122490222473906177,https://www.tiktok.com/@tomskincare/video/7333267219347983623,82,15000,86,495900,2555,313,"tomskincare, goclamdep, thanhthoiluottet, reviewlamdep, reviewskincare",False,False,tomskincare,False,True,True,2,5,58,0,0,0,0,1,0
Gần Tết rồi da mọc mụn và không đẹp???? Hướng dẫn bạn xử lý những lo lắng ngày Tết và mong video này giúp bạn tự tin toả sáng để manifest nhiều năng lượng tích cực đến bạn hơn nhé!!! #tomskincare #goclamdep  #ThanhThoiLuotTet #skincaretips #acneproneskin #selflove ,2024-02-07 15:34:42,07/02/2024,False,https://www.tiktok.com/@tomskincare,nhạc nền - tomskincare,7332775872262441730,https://www.tiktok.com/@tomskincare/video/7332775664149433618,163,5215,16,184200,321,127,"tomskincare, goclamdep, thanhthoiluottet, skincaretips, acneproneskin, selflove",False,False,tomskincare,False,True,True,0,6,40,0,0,1,0,0,0
"Top 9 các loại sunscreen, cushion, che phủ giá mid end cho da dầu và hỗn hợp. Da khô thì mình nghĩ có renoderm với make prem xanh dương thui... Mình vẫn thích EltaMD để dùng nếu cần makeup nhất nhé! Còn lại thì mình nghĩ là để chống nắng thôi đã rất đẹp rồi! Hy vọng video này hữu ích! #tomskincare #goclamdep #BeautyTok #reviewlamdep #reviewskincare #thanhthoiluottet ",2024-02-05 17:03:24,05/02/2024,False,https://www.tiktok.com/@tomskincare,original sound - tomskincare,7332056411255999234,https://www.tiktok.com/@tomskincare/video/7332056343399894280,196,12000,121,444300,3220,276,"tomskincare, goclamdep, beautytok, reviewlamdep, reviewskincare, thanhthoiluottet",False,False,tomskincare,False,True,True,0,6,61,0,0,1,0,0,0
"4 sản phẩm mình sẽ recommend cho những ai mình ""cưng"" và ""yêu"" 😗🙃😂🤣😇. Việc đọc và sử dụng đúng như nhà sản xuất hướng dẫn là một lựa chọn dành cho những người bạn ""iu"". Hãy gửi cho họ nhưng đừng áp dụng cho bản thân nhé! ✨#tomskincare #goclamdep #BeautyTok #acneproneskin #skincaretips #reviewlamdep #reviewskincare ",2024-02-03 17:12:21,03/02/2024,False,https://www.tiktok.com/@tomskincare,original sound - tomskincare,7331316724052134658,https://www.tiktok.com/@tomskincare/video/7331316486029462802,145,21900,328,523300,1950,574,"tomskincare, goclamdep, beautytok, acneproneskin, skincaretips, reviewlamdep, reviewskincare",False,False,tomskincare,False,True,False,2,7,48,0,0,1,0,0,1
"2 lý do khiến mụn ẩn thành mụn viêm! 😔  Nếu được xử lý triệt để ngay thì tốt! Nhưng nếu bạn chưa có điều kiện gặp chuyên gia, nghe mình làm 2 điều này bạn sẽ tiết kiệm một mớ tiền để sau này đầu tư vào các sản phẩm và dịch vụ làm đẹp sịn sò hơn là trị mụn cả mấy năm nhé! #tomskincare #goclamdep #BeautyTok #acneproneskin #skincaretips ",2024-02-02 17:19:10,02/02/2024,False,https://www.tiktok.com/@tomskincare,original sound - tomskincare,7330947248819325697,https://www.tiktok.com/@tomskincare/video/7330947157840710930,150,24400,249,612800,3972,623,"tomskincare, goclamdep, beautytok, acneproneskin, skincaretips",False,False,tomskincare,False,True,False,1,5,65,0,0,1,0,0,0
Đây là chính xác 4 sản phẩm tom sử dụng để làm dịu da mà vẫn đủ không cần đắt tiền và phải dùng nhiều bước. Nhưng phục hồi vẫn đỉnh cao. Dùng càng ít thì da càng đẹp là có thật mọi người ạ 😅😍🐌 #tomskincare #goclamdep #BeautyTok #reviewlamdep #reviewskincare ,2024-01-31 17:02:12,31/01/2024,False,https://www.tiktok.com/@tomskincare,original sound - tomskincare,7330200649830763266,https://www.tiktok.com/@tomskincare/video/7330200611461418248,76,19100,222,586700,4826,542,"tomskincare, goclamdep, beautytok, reviewlamdep, reviewskincare",False,False,tomskincare,False,True,False,1,5,45,0,0,1,0,0,0
3 loại mụn dễ bị nhầm với mụn ẩn và tất cả các sản phẩm skincare mình dùng tại nhà để xử lý chúng! 😍✨Mình hy vọng video này sẽ có ích! Mời các bạn đặt câu hỏi và chia sẻ trong comment nhé!!!! #tomskincare #goclamdep #BeautyTok #acneproneskin #reviewlamdep #reviewskincare ,2024-01-29 17:46:08,29/01/2024,False,https://www.tiktok.com/@tomskincare,original sound - tomskincare,7329469810515921665,https://www.tiktok.com/@tomskincare/video/7329469767352339719,140,9703,97,310400,2302,330,"tomskincare, goclamdep, beautytok, acneproneskin, reviewlamdep, reviewskincare",False,False,tomskincare,False,True,False,1,6,44,0,0,1,0,0,0
😐🫠🫥 Tip skincare cho người bị mụn: kiểm soát tiêu dùng 😵‍💫 Đừng bôi 12 của cô gái Hàn khi bạn bị mụn nữa được kooooooo???? 🫠🫠🫠  #tomskincare #goclamdep #BeautyTok #skincaretips #acneproneskin ,2024-01-27 13:22:31,27/01/2024,False,https://www.tiktok.com/@tomskincare,original sound - tomskincare,7328659712927451906,https://www.tiktok.com/@tomskincare/video/7328659646049307911,56,28600,145,648400,3821,581,"tomskincare, goclamdep, beautytok, skincaretips, acneproneskin",False,False,tomskincare,False,True,False,4,5,25,0,0,1,0,0,1
da dễ lên mụn thì chắc đều biết cushion này rồi nhỉ 😂😂😂😂. Bao lành tính nhưng cũng bao đẹp... Mn nghĩ sao về em này??? Hy vọng video có ích ạ 😍😍😘 #tomskincare #goclamdep #BeautyTok #skincaretips #reviewlamdep #reviewskincare #acneproneskin ,2024-01-26 18:35:10,26/01/2024,False,https://www.tiktok.com/@tomskincare,original sound - tomskincare,7328369335846701825,https://www.tiktok.com/@tomskincare/video/7328369144913530120,143,18400,1154,760800,5716,873,"tomskincare, goclamdep, beautytok, skincaretips, reviewlamdep, reviewskincare, acneproneskin",False,False,tomskincare,False,True,False,2,7,32,0,0,0,1,0,0
just do it #tomskincare #goclamdep #BeautyTok #skincaretips #loveyourself #positivevibes ,2024-01-24 19:18:32,24/01/2024,False,https://www.tiktok.com/@tomskincare,speed up old love,7127292894842915610,https://www.tiktok.com/@tomskincare/video/7327638140783430930,0,7595,36,176800,1332,127,"tomskincare, goclamdep, beautytok, skincaretips, loveyourself, positivevibes",True,False,tomskincare,False,True,False,0,6,3,0,0,0,1,0,0
"Quá nhiều câu hỏi về dầu tẩy trang trong thời gian vừa rồi nên mình tổng hợp lại trả lời mọi người trong video này nha! Mình hy vọng với video này Double cleansing sẽ không còn là điều xa lạ và ""nỗi sợ"" với mọi người nữa. Thậm chí, nó có thể level up routine skincare của mọi người lên tầm cao hơn nhé 😍😍😍🧼 #tomskincare #goclamdep #BeautyTok #skincaretips #reviewlamdep #reviewskincare ",2024-01-22 17:26:24,22/01/2024,False,https://www.tiktok.com/@tomskincare,original sound - tomskincare,7326867160096115458,https://www.tiktok.com/@tomskincare/video/7326867068467432712,338,49300,1535,1200000,17200,997,"tomskincare, goclamdep, beautytok, skincaretips, reviewlamdep, reviewskincare",False,False,tomskincare,False,True,False,1,6,65,0,0,1,0,0,0
"Đây là 5 điều mình chính xác làm từng thứ 1 để thoát khỏi mụn ẩn!!! Mình cũng giới thiệu nhiều sản phẩm như dầu tẩy trang, các đồ skincare thường là ít gây bít tắc trong playlist ""skincare rating"". Mọi người có thể vào playlist đó để xem nhé! #tomskincare #goclamdep #BeautyTok #skincaretips #reviewlamdep #reviewskincare #cloggedpores ",2024-01-20 18:05:25,20/01/2024,False,https://www.tiktok.com/@tomskincare,original sound - tomskincare,7326135051345742593,https://www.tiktok.com/@tomskincare/video/7326134960685878546,175,104300,1749,2300000,24700,1200,"tomskincare, goclamdep, beautytok, skincaretips, reviewlamdep, reviewskincare, cloggedpores",False,False,tomskincare,False,True,False,0,7,50,0,0,0,1,0,1
"Góc nhìn của mình về chuyện xin vía làm đẹp. Thay vì xin vía trị mụn của người khác thì sao bạn ko tự tạo ra đi.... Thử tip skincare này và mình tin chắc bạn sẽ thay đổi được nhiều thứ nữa cơ 😂😂😂 

#tomskincare #goclamdep #BeautyTok #skincaretips #positivevibes ",2024-01-19 17:08:03,19/01/2024,False,https://www.tiktok.com/@tomskincare,Peace,6798431900881913857,https://www.tiktok.com/@tomskincare/video/7325749092578118919,183,11100,102,251300,1642,140,"tomskincare, goclamdep, beautytok, skincaretips, positivevibes",False,False,tomskincare,False,True,False,1,5,44,0,0,1,0,0,0
"Double cleansing với dầu tẩy trang chưa làm bạn yên tâm và bạn vẫn lên mụn ẩn?? Xem ngay video này nhé 🥲😤🧼😘 

#tomskincare #goclamdep #BeautyTok #reviewlamdep #reviewskincare #skincaretips ",2024-01-17 16:40:40,17/01/2024,False,https://www.tiktok.com/@tomskincare,Pop beat BGM / long version(1283324),7133303460480419841,https://www.tiktok.com/@tomskincare/video/7324999878180900103,185,24200,294,752600,5161,711,"tomskincare, goclamdep, beautytok, reviewlamdep, reviewskincare, skincaretips",False,False,tomskincare,False,True,False,1,6,22,0,0,1,0,0,0
"Top 20 sản phẩm skincare cho da nhạy cảm hoặc người mới bắt đầu skincare mà mình sẽ recommend cho bạn 🤓🐕✨! Mời mọi người tham khảo ạ 💋💋 

#tomskincare #goclamdep #BeautyTok #reviewlamdep #reviewskincare ",2024-01-15 17:19:39,15/01/2024,False,https://www.tiktok.com/@tomskincare,original sound - tomskincare,7324267790863567618,https://www.tiktok.com/@tomskincare/video/7324267746068319506,147,18900,204,482800,5732,437,"tomskincare, goclamdep, beautytok, reviewlamdep, reviewskincare",False,False,tomskincare,False,True,False,2,5,28,0,0,1,0,0,0
2 sản phẩm và 1 TIP skincare mình ước mình làm đủ và đúng từ khi còn rất trẻ 🥺😭. Nếp nhăn và lão hoá khoing chừa 1 ai nên là hãy skincare đi nhé :) #tomskincare #goclamdep #BeautyTok #skincaretips ,2024-01-13 17:20:34,13/01/2024,False,https://www.tiktok.com/@tomskincare,original sound - tomskincare,7323525913474632450,https://www.tiktok.com/@tomskincare/video/7323525811892391175,138,108900,1827,2000000,27800,1326,"tomskincare, goclamdep, beautytok, skincaretips",False,False,tomskincare,False,True,False,1,4,36,0,0,1,0,0,1
"Review sản phẩm skincare làm dịu da và phục hồi ✨. Cả nhà xem tham khảo chơi hihi okela 🙂😎🤓😍 

#tomskincare #goclamdep #reviewlamdep #reviewskincare ",2024-01-12 17:08:07,12/01/2024,False,https://www.tiktok.com/@tomskincare,nhạc nền - tomskincare,7323151576717265666,https://www.tiktok.com/@tomskincare/video/7323151517454781704,87,9676,341,498500,1490,676,"tomskincare, goclamdep, reviewlamdep, reviewskincare",False,False,tomskincare,False,True,False,2,4,19,0,0,1,0,0,0
☹️4 nguyên nhân gây MỤN ẨN và 5 BƯỚC xây routine tối giản với các sản phẩm skincare cũng tối giản để combat mụn ẩn (whiteheads) #tomskincare #goclamdep #skincareroutine #reviewlamdep #reviewskincare #cloggedpores #acne #BeautyTok ,2024-01-10 18:08:10,10/01/2024,False,https://www.tiktok.com/@tomskincare,original sound - tomskincare,7322424875015965442,https://www.tiktok.com/@tomskincare/video/7322424827464256775,240,19500,268,572500,4456,391,"tomskincare, goclamdep, skincareroutine, reviewlamdep, reviewskincare, cloggedpores, acne, beautytok",False,False,tomskincare,False,True,True,1,8,26,0,0,0,1,0,0
Da nhạy cảm nên xây routine thế nào? Top tips và top sản phẩm skincare cho da nhạy cảm là gì? 😌😍✨ Hy vọng với video này các bạn sẽ hiểu hơn về tình trạng nhạy cảm của da và đưa ra các quyết định đúng khi lựa đồ skincare nhé! #tomskincare #goclamdep #skincareroutine #reviewlamdep #reviewskincare #sensitiveskin ,2024-01-08 17:15:51,08/01/2024,False,https://www.tiktok.com/@tomskincare,nhạc nền - tomskincare,7321669219933424385,https://www.tiktok.com/@tomskincare/video/7321669163007675666,242,6773,135,271800,1677,146,"tomskincare, goclamdep, skincareroutine, reviewlamdep, reviewskincare, sensitiveskin",False,False,tomskincare,False,True,False,1,6,50,0,0,1,0,0,0
5 điều này mình nghĩ dành cho tất cả mọi người kể cả người skincare đã lâu luôn. Nhất là các bạn reviewer mà phải test nhiều sản phẩm ấy! Đừng làm tổn thưn da nhé vì nó khá mỏng manh. Tập tiếp theo sẽ làm về da nhạy cảm và tình trạng bị nhạy cảm nha! 😍#tomskincare #goclamdep #skincareroutine #simpleskincare ,2024-01-06 18:59:35,06/01/2024,False,https://www.tiktok.com/@tomskincare,Piano melody for loved ones(1258931),7109548208107292673,https://www.tiktok.com/@tomskincare/video/7320953722303974674,0,4651,33,218100,1014,68,"tomskincare, goclamdep, skincareroutine, simpleskincare",True,False,tomskincare,False,True,False,1,4,57,0,0,0,1,0,1
Hôm nay Tom sẽ hướng dẫn dùng AHA để có làn da mịn màng và bạt sừng cho da huhu 😭🥺. Đây là bước thứ 2 trong routine skincare mà được chứng minh là có hiệu quả nên mình làm video này! Hy vọng mọi người chọn lọc để xem có nên thử không nha! #tomskincare #goclamdep #skincareroutine #reviewlamdep #reviewskincare #exfoliate ,2024-01-05 17:49:05,05/01/2024,False,https://www.tiktok.com/@tomskincare,original sound - tomskincare,7320564526305397505,https://www.tiktok.com/@tomskincare/video/7320564470630108424,235,26000,697,1100000,7887,851,"tomskincare, goclamdep, skincareroutine, reviewlamdep, reviewskincare, exfoliate",False,False,tomskincare,False,True,False,1,6,55,0,0,1,0,0,0
"OMG! 🐌🐕🤓 Tui tự nghĩ ra cách sử dụng snail mucin như này và nó work lắm! Tui nghĩ nó tốt để: Phục hồi da mất nước, xỉn khô, sần bì hoặc bị kích ứng có thể thử. 

Nhớ xem kỹ trước khi quyết định thử!

 #tomskincare #goclamdep #skincareroutine #reviewlamdep #reviewskincare #snailmucin ",2024-01-03 17:24:12,03/01/2024,False,https://www.tiktok.com/@tomskincare,original sound - tomskincare,7319815962784484097,https://www.tiktok.com/@tomskincare/video/7319815885961661703,142,13600,380,622800,3564,713,"tomskincare, goclamdep, skincareroutine, reviewlamdep, reviewskincare, snailmucin",False,False,tomskincare,False,True,False,1,6,45,0,0,1,0,0,0
"Lúc nào thì phục hồi da, lúc nào thì da đã khoẻ? Comment các câu hỏi để tom giúp bạn giải đáp khi phục hồi da nhé! #tomskincare #goclamdep #BeautyTok #skincareroutine #skinbarrier ",2024-01-01 17:57:35,01/01/2024,False,https://www.tiktok.com/@tomskincare,original sound,7290240553499855622,https://www.tiktok.com/@tomskincare/video/7319082308290546962,0,10900,107,373200,2540,249,"tomskincare, goclamdep, beautytok, skincareroutine, skinbarrier",True,False,tomskincare,False,True,False,0,5,27,0,0,1,0,0,0
